Cercle_2,73,141,74,74,1_Cercle2.jpg,320,240
Cercle_2,0,21,103,102,2_Cercle2.jpg,320,240
Cercle_2,168,85,77,73,3_Cercle2.jpg,320,240
Cercle_2,43,145,100,95,4_Cercle2.jpg,320,240
Cercle_2,32,48,99,83,5_Cercle2.jpg,320,240
Cercle_2,263,67,45,53,6_Cercle2.jpg,320,240
Cercle_2,136,5,120,137,7_Cercle2.jpg,320,240
Cercle_2,99,31,110,94,8_Cercle2.jpg,320,240
Cercle_2,126,32,109,88,9_Cercle2.jpg,320,240
Cercle_2,61,42,100,75,10_Cercle2.jpg,320,240
Cercle_2,104,34,106,95,11_Cercle2.jpg,320,240
Cercle_2,70,25,135,117,12_Cercle2.jpg,320,240
Cercle_2,65,37,110,95,13_Cercle2.jpg,320,240
Cercle_2,90,26,141,119,14_Cercle2.jpg,320,240
Cercle_2,114,26,118,107,15_Cercle2.jpg,320,240
Cercle_2,36,34,118,90,16_Cercle2.jpg,320,240
Cercle_2,144,100,70,64,17_Cercle2.jpg,320,240
Cercle_2,53,52,84,82,18_Cercle2.jpg,320,240
Cercle_2,158,82,76,73,19_Cercle2.jpg,320,240
Cercle_2,109,129,66,65,20_Cercle2.jpg,320,240
Cercle_2,105,45,73,78,21_Cercle2.jpg,320,240
Cercle_2,205,74,39,40,22_Cercle2.jpg,320,240
Cercle_2,50,25,116,100,23_Cercle2.jpg,320,240
Cercle_2,60,33,105,94,24_Cercle2.jpg,320,240
Cercle_2,74,28,111,100,25_Cercle2.jpg,320,240
Cercle_2,19,40,98,82,26_Cercle2.jpg,320,240
Cercle_2,94,11,143,151,27_Cercle2.jpg,320,240
Cercle_2,90,23,114,106,28_Cercle2.jpg,320,240
Cercle_2,37,23,110,103,29_Cercle2.jpg,320,240
Cercle_2,96,144,90,96,30_Cercle2.jpg,320,240
Cercle_2,80,35,108,99,31_Cercle2.jpg,320,240
Cercle_2,45,88,109,100,32_Cercle2.jpg,320,240
Cercle_2,103,23,126,109,33_Cercle2.jpg,320,240
Cercle_2,60,39,128,115,34_Cercle2.jpg,320,240
Cercle_2,98,8,92,104,35_Cercle2.jpg,320,240
Cercle_2,21,29,102,92,36_Cercle2.jpg,320,240
Cercle_2,32,29,86,71,37_Cercle2.jpg,320,240
Cercle_2,38,33,106,91,38_Cercle2.jpg,320,240
Cercle_2,30,21,128,109,39_Cercle2.jpg,320,240
Cercle_2,51,26,115,104,40_Cercle2.jpg,320,240
Cercle_2,18,22,111,93,41_Cercle2.jpg,320,240
Cercle_2,72,48,96,91,42_Cercle2.jpg,320,240
Cercle_2,136,109,45,45,43_Cercle2.jpg,320,240
Cercle_2,29,46,104,84,44_Cercle2.jpg,320,240
Cercle_2,104,100,130,120,45_Cercle2.jpg,320,240
Cercle_2,69,19,107,98,46_Cercle2.jpg,320,240
Cercle_2,0,34,95,88,47_Cercle2.jpg,320,240
Cercle_2,53,36,108,103,48_Cercle2.jpg,320,240
Cercle_2,30,35,100,98,49_Cercle2.jpg,320,240
Cercle_2,183,126,45,43,50_Cercle2.jpg,320,240
Cercle_2,262,41,48,53,51_Cercle2.jpg,320,240
Cercle_2,256,40,55,61,52_Cercle2.jpg,320,240
Cercle_2,164,47,49,46,53_Cercle2.jpg,320,240
Cercle_2,197,45,37,42,54_Cercle2.jpg,320,240
Cercle_2,154,90,50,48,55_Cercle2.jpg,320,240
Cercle_2,167,103,54,56,56_Cercle2.jpg,320,240
Cercle_2,13,16,121,104,57_Cercle2.jpg,320,240
Cercle_2,53,101,110,102,58_Cercle2.jpg,320,240
Cercle_2,218,39,36,41,59_Cercle2.jpg,320,240
Cercle_2,185,88,51,60,60_Cercle2.jpg,320,240
Cercle_2,166,90,48,54,61_Cercle2.jpg,320,240
Cercle_2,176,136,3,2,62_Cercle2.jpg,320,240
Cercle_2,136,90,47,52,62_Cercle2.jpg,320,240
Cercle_2,190,94,11,10,63_Cercle2.jpg,320,240
Cercle_2,166,80,52,59,63_Cercle2.jpg,320,240
Cercle_2,193,44,51,52,64_Cercle2.jpg,320,240
Cercle_2,202,44,31,34,65_Cercle2.jpg,320,240
Cercle_2,155,19,45,45,66_Cercle2.jpg,320,240
Cercle_2,172,8,42,47,67_Cercle2.jpg,320,240
Cercle_2,230,70,60,62,68_Cercle2.jpg,320,240
Cercle_2,49,140,70,75,69_Cercle2.jpg,320,240
Cercle_2,141,133,60,53,70_Cercle2.jpg,320,240
Cercle_2,206,117,52,48,71_Cercle2.jpg,320,240
Cercle_2,234,76,55,53,72_Cercle2.jpg,320,240
Cercle_2,98,104,41,46,73_Cercle2.jpg,320,240
Cercle_2,214,86,45,41,74_Cercle2.jpg,320,240
Cercle_2,81,100,42,41,75_Cercle2.jpg,320,240
Cercle_2,89,106,40,38,76_Cercle2.jpg,320,240
Cercle_2,111,105,58,52,77_Cercle2.jpg,320,240
Cercle_2,202,91,44,42,78_Cercle2.jpg,320,240
Cercle_2,147,114,67,63,79_Cercle2.jpg,320,240
Cercle_2,65,102,48,44,80_Cercle2.jpg,320,240
Cercle_2,5,86,44,40,81_Cercle2.jpg,320,240
Cercle_2,34,140,91,90,82_Cercle2.jpg,320,240
Cercle_2,80,38,94,83,83_Cercle2.jpg,320,240
Cercle_2,111,131,59,60,84_Cercle2.jpg,320,240
Cercle_2,39,104,55,49,85_Cercle2.jpg,320,240
Cercle_2,54,110,37,33,86_Cercle2.jpg,320,240
Cercle_2,248,83,50,45,87_Cercle2.jpg,320,240
Cercle_2,247,98,63,60,88_Cercle2.jpg,320,240
Cercle_2,77,80,48,39,89_Cercle2.jpg,320,240
Cercle_2,57,78,47,44,90_Cercle2.jpg,320,240
Cercle_2,116,95,57,55,91_Cercle2.jpg,320,240
Cercle_2,116,86,39,41,92_Cercle2.jpg,320,240
Cercle_2,0,90,52,49,93_Cercle2.jpg,320,240
Cercle_2,251,95,60,52,94_Cercle2.jpg,320,240
Cercle_2,66,137,72,77,95_Cercle2.jpg,320,240
Cercle_2,57,19,114,95,96_Cercle2.jpg,320,240
Cercle_2,62,80,63,55,97_Cercle2.jpg,320,240
Cercle_2,84,105,37,35,98_Cercle2.jpg,320,240
Cercle_2,113,110,37,37,99_Cercle2.jpg,320,240
Cercle_2,24,109,48,46,100_Cercle2.jpg,320,240
Cercle_2,3,98,45,42,101_Cercle2.jpg,320,240
Cercle_2,65,84,49,46,102_Cercle2.jpg,320,240
Cercle_2,224,101,57,54,103_Cercle2.jpg,320,240
Cercle_2,68,107,109,108,104_Cercle2.jpg,320,240
Cercle_2,42,86,56,49,105_Cercle2.jpg,320,240
Cercle_2,123,106,47,44,106_Cercle2.jpg,320,240
Cercle_2,196,94,47,48,107_Cercle2.jpg,320,240
Cercle_2,62,131,88,88,108_Cercle2.jpg,320,240
Cercle_2,7,37,93,81,109_Cercle2.jpg,320,240
Cercle_2,247,114,45,45,110_Cercle2.jpg,320,240
Cercle_2,263,115,49,47,111_Cercle2.jpg,320,240
Cercle_2,12,118,44,42,112_Cercle2.jpg,320,240
Cercle_2,175,100,53,54,113_Cercle2.jpg,320,240
Cercle_2,118,106,48,45,114_Cercle2.jpg,320,240
Cercle_2,129,113,48,41,115_Cercle2.jpg,320,240
Cercle_2,95,98,108,104,116_Cercle2.jpg,320,240
Cercle_2,155,99,44,42,117_Cercle2.jpg,320,240
Cercle_2,34,89,134,127,118_Cercle2.jpg,320,240
Cercle_2,74,88,81,76,119_Cercle2.jpg,320,240
Cercle_2,173,85,55,62,120_Cercle2.jpg,320,240
Cercle_2,59,139,76,74,121_Cercle2.jpg,320,240
Cercle_2,54,35,101,87,122_Cercle2.jpg,320,240
Cercle_2,273,61,22,37,123_Cercle2.jpg,320,240
Cercle_2,136,114,42,41,124_Cercle2.jpg,320,240
Cercle_2,258,99,60,57,125_Cercle2.jpg,320,240
Cercle_2,156,79,62,60,126_Cercle2.jpg,320,240
Cercle_2,66,96,52,47,127_Cercle2.jpg,320,240
Cercle_2,216,78,60,54,128_Cercle2.jpg,320,240
Cercle_2,197,81,52,48,129_Cercle2.jpg,320,240
Cercle_2,154,105,110,105,130_Cercle2.jpg,320,240
Cercle_2,123,112,30,28,131_Cercle2.jpg,320,240
Cercle_2,177,163,84,77,132_Cercle2.jpg,320,240
Cercle_2,44,103,127,128,133_Cercle2.jpg,320,240
Cercle_2,41,134,86,87,134_Cercle2.jpg,320,240
Cercle_2,76,28,119,101,135_Cercle2.jpg,320,240
Cercle_2,15,92,100,87,136_Cercle2.jpg,320,240
Cercle_2,96,136,80,83,137_Cercle2.jpg,320,240
Cercle_2,35,33,106,94,138_Cercle2.jpg,320,240
Cercle_2,46,104,135,118,139_Cercle2.jpg,320,240
Cercle_2,158,153,38,41,140_Cercle2.jpg,320,240
Cercle_2,90,162,85,78,141_Cercle2.jpg,320,240
Cercle_2,220,95,73,114,142_Cercle2.jpg,320,240
Cercle_2,60,144,94,81,143_Cercle2.jpg,320,240
Cercle_2,212,94,80,114,144_Cercle2.jpg,320,240
Cercle_2,55,143,85,80,145_Cercle2.jpg,320,240
Cercle_2,209,93,81,122,146_Cercle2.jpg,320,240
Cercle_2,1,144,87,85,147_Cercle2.jpg,320,240
Cercle_2,122,95,106,112,148_Cercle2.jpg,320,240
Cercle_2,122,94,103,111,149_Cercle2.jpg,320,240
Cercle_2,95,134,79,83,150_Cercle2.jpg,320,240
Cercle_2,47,33,107,95,151_Cercle2.jpg,320,240
Cercle_2,2,34,84,97,152_Cercle2.jpg,320,240
Cercle_2,35,136,87,97,153_Cercle2.jpg,320,240
Cercle_2,104,4,62,55,154_Cercle2.jpg,320,240
Cercle_2,242,106,66,67,155_Cercle2.jpg,320,240
Cercle_2,3,144,94,95,156_Cercle2.jpg,320,240
Cercle_2,3,31,101,87,157_Cercle2.jpg,320,240
Cercle_2,208,129,69,67,158_Cercle2.jpg,320,240
Cercle_2,2,142,97,97,159_Cercle2.jpg,320,240
Cercle_2,62,34,104,88,160_Cercle2.jpg,320,240
Cercle_2,122,104,144,130,161_Cercle2.jpg,320,240
Cercle_2,39,137,72,75,162_Cercle2.jpg,320,240
Cercle_2,214,188,44,42,163_Cercle2.jpg,320,240
Cercle_2,110,100,68,61,164_Cercle2.jpg,320,240
Cercle_2,180,135,74,84,165_Cercle2.jpg,320,240
Cercle_2,172,68,37,39,166_Cercle2.jpg,320,240
Cercle_2,90,91,122,115,167_Cercle2.jpg,320,240
Cercle_2,77,132,87,90,168_Cercle2.jpg,320,240
Cercle_2,158,86,34,37,169_Cercle2.jpg,320,240
Cercle_2,215,109,79,80,170_Cercle2.jpg,320,240
Cercle_2,47,138,87,88,171_Cercle2.jpg,320,240
Cercle_2,103,102,52,46,172_Cercle2.jpg,320,240
Cercle_2,246,51,62,68,173_Cercle2.jpg,320,240
Cercle_2,60,136,75,81,174_Cercle2.jpg,320,240
Cercle_2,92,15,101,94,175_Cercle2.jpg,320,240
Cercle_2,199,74,55,64,176_Cercle2.jpg,320,240
Cercle_2,61,141,98,98,177_Cercle2.jpg,320,240
Cercle_2,191,75,72,66,178_Cercle2.jpg,320,240
Cercle_2,159,132,58,60,179_Cercle2.jpg,320,240
Cercle_2,35,143,73,76,180_Cercle2.jpg,320,240
Cercle_2,219,149,74,73,181_Cercle2.jpg,320,240
Cercle_2,231,65,83,85,182_Cercle2.jpg,320,240
Cercle_2,42,141,84,94,183_Cercle2.jpg,320,240
Cercle_2,171,131,56,59,184_Cercle2.jpg,320,240
Cercle_2,79,53,45,41,185_Cercle2.jpg,320,240
Cercle_2,81,135,67,73,186_Cercle2.jpg,320,240
Cercle_2,24,41,103,79,187_Cercle2.jpg,320,240
Cercle_2,62,47,52,48,188_Cercle2.jpg,320,240
Cercle_2,83,139,64,71,189_Cercle2.jpg,320,240
Cercle_2,201,40,27,23,190_Cercle2.jpg,320,240
Cercle_2,62,33,70,76,191_Cercle2.jpg,320,240
Cercle_2,65,142,71,71,192_Cercle2.jpg,320,240
Cercle_2,169,17,29,24,193_Cercle2.jpg,320,240
Cercle_2,34,136,83,88,194_Cercle2.jpg,320,240
Cercle_2,109,36,22,22,195_Cercle2.jpg,320,240
Cercle_2,65,138,73,79,196_Cercle2.jpg,320,240
Cercle_2,150,11,55,52,197_Cercle2.jpg,320,240
Cercle_2,62,141,83,87,198_Cercle2.jpg,320,240
Cercle_2,101,42,87,102,199_Cercle2.jpg,320,240
Cercle_2,34,139,93,94,200_Cercle2.jpg,320,240
Cercle_2,112,70,66,59,201_Cercle2.jpg,320,240
Cercle_2,52,136,93,100,202_Cercle2.jpg,320,240
Cercle_2,94,33,61,57,203_Cercle2.jpg,320,240
Cercle_2,72,139,79,81,204_Cercle2.jpg,320,240
Cercle_2,178,23,128,108,205_Cercle2.jpg,320,240
Cercle_2,127,114,48,46,206_Cercle2.jpg,320,240
Cercle_2,46,139,90,99,207_Cercle2.jpg,320,240
Cercle_2,177,41,26,23,208_Cercle2.jpg,320,240
Cercle_2,47,140,96,99,209_Cercle2.jpg,320,240
Cercle_2,142,42,26,25,210_Cercle2.jpg,320,240
Cercle_2,27,144,87,90,211_Cercle2.jpg,320,240
Cercle_2,158,41,24,22,212_Cercle2.jpg,320,240
Cercle_2,70,145,87,87,213_Cercle2.jpg,320,240
Cercle_2,132,1,81,83,214_Cercle2.jpg,320,240
Cercle_2,71,142,79,89,215_Cercle2.jpg,320,240
Cercle_2,142,51,108,107,216_Cercle2.jpg,320,240
Cercle_2,20,137,41,41,217_Cercle2.jpg,320,240
Cercle_2,83,31,109,93,218_Cercle2.jpg,320,240
Cercle_2,12,137,37,36,219_Cercle2.jpg,320,240
Cercle_2,139,41,114,117,220_Cercle2.jpg,320,240
Cercle_2,58,136,41,37,221_Cercle2.jpg,320,240
Cercle_2,115,68,63,61,222_Cercle2.jpg,320,240
Cercle_2,60,134,37,39,223_Cercle2.jpg,320,240
Cercle_2,234,39,24,25,224_Cercle2.jpg,320,240
Cercle_2,1,136,53,52,225_Cercle2.jpg,320,240
Cercle_2,138,41,27,25,226_Cercle2.jpg,320,240
Cercle_2,88,133,70,80,227_Cercle2.jpg,320,240
Cercle_2,26,40,93,81,228_Cercle2.jpg,320,240
Cercle_2,265,56,45,52,229_Cercle2.jpg,320,240
Cercle_2,3,136,49,51,230_Cercle2.jpg,320,240
Cercle_2,71,68,60,54,231_Cercle2.jpg,320,240
Cercle_2,156,135,39,37,232_Cercle2.jpg,320,240
Cercle_2,19,59,24,18,233_Cercle2.jpg,320,240
Cercle_2,225,92,64,57,234_Cercle2.jpg,320,240
Cercle_2,201,39,25,21,235_Cercle2.jpg,320,240
Cercle_2,220,154,68,65,236_Cercle2.jpg,320,240
Cercle_2,202,39,22,21,237_Cercle2.jpg,320,240
Cercle_2,110,90,54,53,238_Cercle2.jpg,320,240
Cercle_2,146,88,47,48,239_Cercle2.jpg,320,240
Cercle_2,111,90,55,55,240_Cercle2.jpg,320,240
Cercle_2,1316,2542,366,320,241_Cercle2.jpg,3024,4032
Cercle_2,254,87,55,50,242_Cercle2.jpg,320,240
Cercle_2,189,184,32,31,243_Cercle2.jpg,320,240
Cercle_2,83,90,60,58,244_Cercle2.jpg,320,240
Cercle_2,158,21,72,74,245_Cercle2.jpg,320,240
Cercle_2,242,86,59,59,246_Cercle2.jpg,320,240
Cercle_2,131,17,83,83,247_Cercle2.jpg,320,240
Cercle_2,139,97,64,58,248_Cercle2.jpg,320,240
Cercle_2,128,147,59,58,249_Cercle2.jpg,320,240
Cercle_2,51,140,75,83,250_Cercle2.jpg,320,240
Cercle_2,15,53,91,76,251_Cercle2.jpg,320,240
Cercle_2,265,103,34,40,252_Cercle2.jpg,320,240
Cercle_2,145,87,68,66,253_Cercle2.jpg,320,240
Cercle_2,215,99,98,103,254_Cercle2.jpg,320,240
Cercle_2,94,89,72,67,255_Cercle2.jpg,320,240
Cercle_2,0,106,101,96,256_Cercle2.jpg,320,240
Cercle_2,97,94,72,71,257_Cercle2.jpg,320,240
Cercle_2,121,57,76,68,258_Cercle2.jpg,320,240
Cercle_2,57,130,68,57,259_Cercle2.jpg,320,240
Cercle_2,0,103,95,101,260_Cercle2.jpg,320,240
Cercle_2,24,126,62,60,261_Cercle2.jpg,320,240
Cercle_2,0,103,96,99,262_Cercle2.jpg,320,240
Cercle_2,25,126,63,59,263_Cercle2.jpg,320,240
Cercle_2,174,90,109,108,264_Cercle2.jpg,320,240
Cercle_2,24,130,61,54,265_Cercle2.jpg,320,240
Cercle_2,167,86,116,118,266_Cercle2.jpg,320,240
Cercle_2,27,131,59,53,267_Cercle2.jpg,320,240
Cercle_2,77,96,96,95,268_Cercle2.jpg,320,240
Cercle_2,107,124,52,60,269_Cercle2.jpg,320,240
Cercle_2,74,26,126,131,270_Cercle2.jpg,320,240
Cercle_2,164,12,29,30,271_Cercle2.jpg,320,240
Cercle_2,53,137,90,95,273_Cercle2.jpg,320,240
Cercle_2,76,26,109,102,274_Cercle2.jpg,320,240
Cercle_2,62,92,112,103,275_Cercle2.jpg,320,240
Cercle_2,115,175,60,57,276_Cercle2.jpg,320,240
Cercle_2,53,30,136,120,277_Cercle2.jpg,320,240
Cercle_2,112,167,56,53,278_Cercle2.jpg,320,240
Cercle_2,104,5,64,60,279_Cercle2.jpg,320,240
Cercle_2,97,152,64,59,280_Cercle2.jpg,320,240
Cercle_2,111,181,62,55,281_Cercle2.jpg,320,240
Cercle_2,115,128,53,52,282_Cercle2.jpg,320,240
Cercle_2,213,239,109,117,283_Cercle2.jpg,640,480
Cercle_2,115,45,55,58,284_Cercle2.jpg,320,240
Cercle_2,115,48,58,56,285_Cercle2.jpg,320,240
Cercle_2,32,138,79,87,286_Cercle2.jpg,320,240
Cercle_2,90,31,109,99,287_Cercle2.jpg,320,240
Cercle_2,167,1,65,72,288_Cercle2.jpg,320,240
Cercle_2,65,125,96,101,289_Cercle2.jpg,320,240
Cercle_2,104,184,48,43,290_Cercle2.jpg,320,240
Cercle_2,40,44,59,62,291_Cercle2.jpg,320,240
Cercle_2,101,7,70,61,292_Cercle2.jpg,320,240
Cercle_2,13,45,103,87,293_Cercle2.jpg,320,240
Cercle_2,76,66,83,81,294_Cercle2.jpg,320,240
Cercle_2,269,226,67,70,295_Cercle2.jpg,642,483
Cercle_2,53,31,107,94,296_Cercle2.jpg,320,240
Cercle_2,80,3,85,76,297_Cercle2.jpg,320,240
Cercle_2,47,35,119,90,298_Cercle2.jpg,320,240
Cercle_2,46,135,79,83,299_Cercle2.jpg,320,240
Cercle_2,47,33,99,92,300_Cercle2.jpg,320,240
Cercle_2,249,124,57,57,301_Cercle2.jpg,320,240
Cercle_2,56,20,106,94,302_Cercle2.jpg,320,240
Cercle_2,177,42,79,88,303_Cercle2.jpg,320,240
Cercle_2,82,25,113,104,304_Cercle2.jpg,320,240
Cercle_2,79,29,108,94,305_Cercle2.jpg,320,240
Cercle_2,17,22,107,89,306_Cercle2.jpg,320,240
Cercle_2,16,33,100,85,307_Cercle2.jpg,320,240
Cercle_2,4,43,93,83,308_Cercle2.jpg,320,240
Cercle_2,33,32,107,90,309_Cercle2.jpg,320,240
Cercle_2,132,150,57,58,310_Cercle2.jpg,320,240
Cercle_2,0,32,75,93,311_Cercle2.jpg,320,240
Cercle_3,128,164,84,76,1_Cercle3.jpg,320,240
Cercle_3,19,44,152,130,2_Cercle3.jpg,320,240
Cercle_3,88,76,83,78,3_Cercle3.jpg,320,240
Cercle_3,168,157,73,81,4_Cercle3.jpg,320,240
Cercle_3,46,26,144,125,5_Cercle3.jpg,320,240
Cercle_3,114,108,136,124,6_Cercle3.jpg,320,240
Cercle_3,132,91,89,82,7_Cercle3.jpg,320,240
Cercle_3,35,75,74,68,8_Cercle3.jpg,320,240
Cercle_3,176,53,50,45,9_Cercle3.jpg,320,240
Cercle_3,57,76,79,74,10_Cercle3.jpg,320,240
Cercle_3,200,56,43,40,11_Cercle3.jpg,320,240
Cercle_3,108,73,75,78,12_Cercle3.jpg,320,240
Cercle_3,87,83,38,36,13_Cercle3.jpg,320,240
Cercle_3,46,73,77,75,14_Cercle3.jpg,320,240
Cercle_3,88,83,36,33,15_Cercle3.jpg,320,240
Cercle_3,177,76,34,32,16_Cercle3.jpg,320,240
Cercle_3,156,49,45,42,17_Cercle3.jpg,320,240
Cercle_3,168,73,65,68,18_Cercle3.jpg,320,240
Cercle_3,59,31,76,78,19_Cercle3.jpg,320,240
Cercle_3,198,75,72,69,20_Cercle3.jpg,320,240
Cercle_3,62,34,77,75,21_Cercle3.jpg,320,240
Cercle_3,184,64,77,75,22_Cercle3.jpg,320,240
Cercle_3,84,116,59,55,23_Cercle3.jpg,320,240
Cercle_3,128,79,79,74,24_Cercle3.jpg,320,240
Cercle_3,36,104,105,101,25_Cercle3.jpg,320,240
Cercle_3,220,74,74,74,26_Cercle3.jpg,320,240
Cercle_3,12,156,83,81,27_Cercle3.jpg,320,240
Cercle_3,176,91,48,48,29_Cercle3.jpg,320,240
Cercle_3,96,55,45,43,30_Cercle3.jpg,320,240
Cercle_3,214,77,76,75,31_Cercle3.jpg,320,240
Cercle_3,116,81,46,56,32_Cercle3.jpg,320,240
Cercle_3,156,76,77,77,33_Cercle3.jpg,320,240
Cercle_3,115,118,60,56,34_Cercle3.jpg,320,240
Cercle_3,166,77,79,78,35_Cercle3.jpg,320,240
Cercle_3,112,115,104,99,36_Cercle3.jpg,320,240
Cercle_3,190,75,77,80,37_Cercle3.jpg,320,240
Cercle_3,168,85,89,89,38_Cercle3.jpg,320,240
Cercle_3,144,66,83,80,39_Cercle3.jpg,320,240
Cercle_3,244,122,40,41,40_Cercle3.jpg,320,240
Cercle_3,198,75,75,71,41_Cercle3.jpg,320,240
Cercle_3,167,108,88,83,42_Cercle3.jpg,320,240
Cercle_3,160,67,79,86,43_Cercle3.jpg,320,240
Cercle_3,61,99,97,82,44_Cercle3.jpg,320,240
Cercle_3,130,75,87,79,45_Cercle3.jpg,320,240
Cercle_3,59,112,59,50,46_Cercle3.jpg,320,240
Cercle_3,118,70,86,79,47_Cercle3.jpg,320,240
Cercle_3,129,99,43,54,48_Cercle3.jpg,320,240
Cercle_3,103,41,51,60,49_Cercle3.jpg,320,240
Cercle_3,16,152,83,88,50_Cercle3.jpg,320,240
Cercle_3,168,56,27,36,51_Cercle3.jpg,320,240
Cercle_3,95,79,97,102,52_Cercle3.jpg,320,240
Cercle_3,212,110,42,55,53_Cercle3.jpg,320,240
Cercle_3,169,47,49,55,54_Cercle3.jpg,320,240
Cercle_3,129,79,41,51,55_Cercle3.jpg,320,240
Cercle_3,111,48,48,48,56_Cercle3.jpg,320,240
Cercle_3,0,63,33,46,57_Cercle3.jpg,320,240
Cercle_3,30,87,69,63,58_Cercle3.jpg,320,240
Cercle_3,100,18,91,86,59_Cercle3.jpg,320,240
Cercle_3,185,48,51,57,60_Cercle3.jpg,320,240
Cercle_3,60,49,94,84,61_Cercle3.jpg,320,240
Cercle_3,118,44,51,54,62_Cercle3.jpg,320,240
Cercle_3,115,20,60,56,63_Cercle3.jpg,320,240
Cercle_3,98,48,55,56,64_Cercle3.jpg,320,240
Cercle_3,81,47,90,86,65_Cercle3.jpg,320,240
Cercle_3,90,53,50,54,66_Cercle3.jpg,320,240
Cercle_3,69,2,87,114,67_Cercle3.jpg,320,240
Cercle_3,144,49,49,53,68_Cercle3.jpg,320,240
Cercle_3,117,92,54,54,69_Cercle3.jpg,320,240
Cercle_3,160,41,58,61,70_Cercle3.jpg,320,240
Cercle_3,98,49,81,79,71_Cercle3.jpg,320,240
Cercle_3,158,28,86,93,72_Cercle3.jpg,320,240
Cercle_3,94,154,69,76,73_Cercle3.jpg,320,240
Cercle_3,306,142,172,182,74_Cercle3.jpg,640,480
Cercle_3,197,79,119,112,75_Cercle3.jpg,320,240
Cercle_3,21,27,173,155,76_Cercle3.jpg,320,240
Cercle_3,170,31,73,79,77_Cercle3.jpg,320,240
Cercle_3,122,33,96,93,78_Cercle3.jpg,320,240
Cercle_3,21,54,85,85,79_Cercle3.jpg,320,240
Cercle_3,59,39,83,77,80_Cercle3.jpg,320,240
Cercle_3,28,48,60,58,81_Cercle3.jpg,320,240
Cercle_3,96,66,60,52,82_Cercle3.jpg,320,240
Cercle_3,38,45,75,73,83_Cercle3.jpg,320,240
Cercle_3,87,45,92,85,84_Cercle3.jpg,320,240
Cercle_3,136,113,61,61,85_Cercle3.jpg,320,240
Cercle_3,3,3,197,190,86_Cercle3.jpg,320,240
Cercle_3,21,62,70,69,87_Cercle3.jpg,320,240
Cercle_3,10,21,145,132,88_Cercle3.jpg,320,240
Cercle_3,15,77,88,80,89_Cercle3.jpg,320,240
Cercle_3,109,41,86,83,90_Cercle3.jpg,320,240
Cercle_3,12,37,78,72,91_Cercle3.jpg,320,240
Cercle_3,177,92,55,55,92_Cercle3.jpg,320,240
Cercle_3,25,46,79,83,93_Cercle3.jpg,320,240
Cercle_3,47,162,73,76,94_Cercle3.jpg,320,240
Cercle_3,56,0,104,123,95_Cercle3.jpg,320,240
Cercle_3,208,100,57,61,96_Cercle3.jpg,320,240
Cercle_3,59,36,99,86,97_Cercle3.jpg,320,240
Cercle_3,89,2,79,70,98_Cercle3.jpg,320,240
Cercle_3,97,87,68,70,99_Cercle3.jpg,320,240
Cercle_3,52,36,122,118,100_Cercle3.jpg,320,240
Cercle_3,0,27,54,79,101_Cercle3.jpg,320,240
Cercle_3,78,52,95,86,102_Cercle3.jpg,320,240
Cercle_3,58,25,102,94,103_Cercle3.jpg,320,240
Cercle_3,178,38,87,86,104_Cercle3.jpg,320,240
Cercle_3,126,35,91,88,105_Cercle3.jpg,320,240
Cercle_3,1,61,26,36,106_Cercle3.jpg,320,240
Cercle_3,49,166,76,73,107_Cercle3.jpg,320,240
Cercle_3,35,22,142,132,108_Cercle3.jpg,320,240
Cercle_3,215,108,42,46,109_Cercle3.jpg,320,240
Cercle_3,123,44,96,94,110_Cercle3.jpg,320,240
Cercle_3,198,40,61,50,111_Cercle3.jpg,320,240
Cercle_3,108,27,128,118,112_Cercle3.jpg,320,240
Cercle_3,76,49,92,86,113_Cercle3.jpg,320,240
Cercle_3,54,39,85,83,114_Cercle3.jpg,320,240
Cercle_3,42,68,66,60,115_Cercle3.jpg,320,240
Cercle_3,64,50,85,84,116_Cercle3.jpg,320,240
Cercle_3,103,33,94,94,117_Cercle3.jpg,320,240
Cercle_3,51,47,94,89,118_Cercle3.jpg,320,240
Cercle_3,78,32,94,98,119_Cercle3.jpg,320,240
Cercle_3,93,155,68,79,120_Cercle3.jpg,320,240
Cercle_3,150,12,60,104,121_Cercle3.jpg,320,240
Cercle_3,191,87,92,89,122_Cercle3.jpg,320,240
Cercle_3,79,36,80,80,123_Cercle3.jpg,320,240
Cercle_3,28,70,128,119,124_Cercle3.jpg,320,240
Cercle_3,158,17,59,109,125_Cercle3.jpg,320,240
Cercle_3,206,33,66,59,126_Cercle3.jpg,320,240
Cercle_3,106,32,99,98,127_Cercle3.jpg,320,240
Cercle_3,114,31,104,99,128_Cercle3.jpg,320,240
Cercle_3,130,44,95,95,129_Cercle3.jpg,320,240
Cercle_3,121,26,128,125,130_Cercle3.jpg,320,240
Cercle_3,77,35,88,87,131_Cercle3.jpg,320,240
Cercle_3,54,31,133,120,132_Cercle3.jpg,320,240
Cercle_3,94,157,70,77,133_Cercle3.jpg,320,240
Cercle_3,88,31,143,130,134_Cercle3.jpg,320,240
Cercle_3,96,109,59,57,135_Cercle3.jpg,320,240
Cercle_3,135,30,100,102,136_Cercle3.jpg,320,240
Cercle_3,145,25,132,130,137_Cercle3.jpg,320,240
Cercle_3,136,21,133,130,138_Cercle3.jpg,320,240
Cercle_3,155,45,94,95,139_Cercle3.jpg,320,240
Cercle_3,8,29,63,62,140_Cercle3.jpg,320,240
Cercle_3,64,29,137,124,141_Cercle3.jpg,320,240
Cercle_3,182,94,121,109,142_Cercle3.jpg,320,240
Cercle_3,156,22,123,125,143_Cercle3.jpg,320,240
Cercle_3,114,37,91,90,144_Cercle3.jpg,320,240
Cercle_3,95,21,155,144,145_Cercle3.jpg,320,240
Cercle_3,72,162,69,70,146_Cercle3.jpg,320,240
Cercle_3,104,34,91,94,149_Cercle3.jpg,320,240
Cercle_3,47,18,165,150,150_Cercle3.jpg,320,240
Cercle_3,193,32,104,100,151_Cercle3.jpg,320,240
Cercle_3,127,47,97,97,152_Cercle3.jpg,320,240
Cercle_3,115,38,91,93,153_Cercle3.jpg,320,240
Cercle_3,64,37,100,94,154_Cercle3.jpg,320,240
Cercle_3,84,31,25,35,155_Cercle3.jpg,320,240
Cercle_3,171,69,63,63,156_Cercle3.jpg,320,240
Cercle_3,104,30,90,84,157_Cercle3.jpg,320,240
Cercle_3,63,29,115,110,158_Cercle3.jpg,320,240
Cercle_3,16,166,97,74,159_Cercle3.jpg,320,240
Cercle_3,71,41,137,122,160_Cercle3.jpg,320,240
Cercle_3,183,104,54,56,161_Cercle3.jpg,320,240
Cercle_3,17,3,223,212,162_Cercle3.jpg,320,240
Cercle_3,72,34,100,98,163_Cercle3.jpg,320,240
Cercle_3,114,31,112,105,164_Cercle3.jpg,320,240
Cercle_3,59,6,203,193,165_Cercle3.jpg,320,240
Cercle_3,109,22,92,95,166_Cercle3.jpg,320,240
Cercle_3,24,0,224,218,167_Cercle3.jpg,320,240
Cercle_3,96,29,95,93,168_Cercle3.jpg,320,240
Cercle_3,38,12,191,189,169_Cercle3.jpg,320,240
Cercle_3,236,72,64,64,170_Cercle3.jpg,320,240
Cercle_3,41,22,58,57,171_Cercle3.jpg,320,240
Cercle_3,175,161,83,79,172_Cercle3.jpg,320,240
Cercle_3,79,28,115,109,173_Cercle3.jpg,320,240
Cercle_3,182,88,94,89,174_Cercle3.jpg,320,240
Cercle_3,19,169,93,71,175_Cercle3.jpg,320,240
Cercle_3,56,24,136,130,176_Cercle3.jpg,320,240
Cercle_3,154,101,54,52,177_Cercle3.jpg,320,240
Cercle_3,79,78,84,78,178_Cercle3.jpg,320,240
Cercle_3,156,77,74,70,179_Cercle3.jpg,320,240
Cercle_3,94,95,81,84,180_Cercle3.jpg,320,240
Cercle_3,26,35,107,96,181_Cercle3.jpg,320,240
Cercle_3,240,77,79,88,182_Cercle3.jpg,320,240
Cercle_3,135,67,69,66,183_Cercle3.jpg,320,240
Cercle_3,229,15,68,65,184_Cercle3.jpg,320,240
Cercle_3,80,69,71,71,185_Cercle3.jpg,320,240
Cercle_3,5,81,87,77,186_Cercle3.jpg,320,240
Cercle_3,177,63,76,72,187_Cercle3.jpg,320,240
Cercle_3,59,159,66,75,188_Cercle3.jpg,320,240
Cercle_3,72,24,112,112,189_Cercle3.jpg,320,240
Cercle_3,130,119,53,54,190_Cercle3.jpg,320,240
Cercle_3,192,72,93,87,191_Cercle3.jpg,320,240
Cercle_3,169,75,55,53,192_Cercle3.jpg,320,240
Cercle_3,265,136,138,136,193_Cercle3.jpg,640,480
Cercle_3,24,36,143,126,194_Cercle3.jpg,320,240
Cercle_3,150,151,47,47,195_Cercle3.jpg,320,240
Cercle_3,51,8,155,153,196_Cercle3.jpg,320,240
Cercle_3,81,34,131,118,197_Cercle3.jpg,320,240
Cercle_3,75,33,106,87,198_Cercle3.jpg,320,240
Cercle_3,95,21,81,87,199_Cercle3.jpg,320,240
Cercle_3,96,80,72,81,200_Cercle3.jpg,320,240
Cercle_3,6,169,85,71,201_Cercle3.jpg,320,240
Cercle_3,47,30,62,61,202_Cercle3.jpg,320,240
Cercle_3,107,112,49,49,203_Cercle3.jpg,320,240
Cercle_3,56,16,131,137,204_Cercle3.jpg,320,240
Cercle_3,61,38,88,87,205_Cercle3.jpg,320,240
Cercle_3,104,40,73,76,206_Cercle3.jpg,320,240
Cercle_3,159,74,53,48,207_Cercle3.jpg,320,240
Cercle_3,17,64,50,44,208_Cercle3.jpg,320,240
Cercle_3,139,56,57,56,209_Cercle3.jpg,320,240
Cercle_3,131,65,76,72,210_Cercle3.jpg,320,240
Cercle_3,108,26,64,59,211_Cercle3.jpg,320,240
Cercle_3,86,67,83,93,212_Cercle3.jpg,320,240
Cercle_3,65,33,114,105,213_Cercle3.jpg,320,240
Cercle_3,7,170,86,70,214_Cercle3.jpg,320,240
Cercle_3,175,29,85,81,215_Cercle3.jpg,320,240
Cercle_3,242,115,62,60,216_Cercle3.jpg,320,240
Cercle_3,70,32,138,123,217_Cercle3.jpg,320,240
Cercle_3,152,71,59,56,218_Cercle3.jpg,320,240
Cercle_3,177,84,59,57,219_Cercle3.jpg,320,240
Cercle_3,115,32,82,83,220_Cercle3.jpg,320,240
Cercle_3,32,155,52,49,221_Cercle3.jpg,320,240
Cercle_3,100,48,73,84,222_Cercle3.jpg,320,240
Cercle_3,104,36,61,63,223_Cercle3.jpg,320,240
Cercle_3,119,55,67,67,224_Cercle3.jpg,320,240
Cercle_3,96,64,88,87,225_Cercle3.jpg,320,240
Cercle_3,114,68,73,71,226_Cercle3.jpg,320,240
Cercle_3,2,171,80,69,227_Cercle3.jpg,320,240
Cercle_3,34,26,119,106,228_Cercle3.jpg,320,240
Cercle_3,127,121,52,50,229_Cercle3.jpg,320,240
Cercle_3,115,60,52,46,230_Cercle3.jpg,320,240
Cercle_3,4,6,132,125,231_Cercle3.jpg,320,240
Cercle_3,102,23,99,97,232_Cercle3.jpg,320,240
Cercle_3,122,23,58,63,233_Cercle3.jpg,320,240
Cercle_3,138,66,110,116,234_Cercle3.jpg,320,240
Cercle_3,175,155,42,43,235_Cercle3.jpg,320,240
Cercle_3,0,11,83,119,236_Cercle3.jpg,320,240
Cercle_3,85,26,134,124,237_Cercle3.jpg,320,240
Cercle_3,4,47,136,118,238_Cercle3.jpg,320,240
Cercle_3,156,31,137,125,239_Cercle3.jpg,320,240
Cercle_3,194,162,78,75,240_Cercle3.jpg,320,240
Cercle_3,127,80,60,56,241_Cercle3.jpg,320,240
Cercle_3,161,117,55,56,242_Cercle3.jpg,320,240
Cercle_3,77,29,130,120,243_Cercle3.jpg,320,240
Cercle_3,97,33,103,99,244_Cercle3.jpg,320,240
Cercle_3,73,17,108,107,245_Cercle3.jpg,320,240
Cercle_3,127,56,75,74,246_Cercle3.jpg,320,240
Cercle_3,44,27,136,123,247_Cercle3.jpg,320,240
Cercle_3,50,38,123,114,248_Cercle3.jpg,320,240
Cercle_3,166,53,43,38,249_Cercle3.jpg,320,240
Cercle_3,64,36,136,120,250_Cercle3.jpg,320,240
Cercle_3,40,36,130,120,251_Cercle3.jpg,320,240
Cercle_3,80,31,134,124,252_Cercle3.jpg,320,240
Cercle_3,2,166,92,74,253_Cercle3.jpg,320,240
Cercle_3,64,22,134,126,254_Cercle3.jpg,320,240
Cercle_3,223,120,68,65,255_Cercle3.jpg,320,240
Cercle_3,138,18,59,96,256_Cercle3.jpg,320,240
Cercle_3,56,25,132,121,257_Cercle3.jpg,320,240
Cercle_3,104,21,96,98,258_Cercle3.jpg,320,240
Cercle_3,88,14,74,97,259_Cercle3.jpg,320,240
Cercle_3,128,129,61,60,260_Cercle3.jpg,320,240
Cercle_3,154,60,21,26,261_Cercle3.jpg,320,240
Cercle_3,79,30,134,123,262_Cercle3.jpg,320,240
Cercle_3,120,66,39,38,263_Cercle3.jpg,320,240
Cercle_3,50,43,137,121,264_Cercle3.jpg,320,240
Cercle_3,50,34,110,97,265_Cercle3.jpg,320,240
Cercle_3,5,166,85,73,266_Cercle3.jpg,320,240
Cercle_3,149,29,50,82,267_Cercle3.jpg,320,240
Cercle_3,188,106,44,45,268_Cercle3.jpg,320,240
Cercle_3,74,29,137,124,269_Cercle3.jpg,320,240
Cercle_3,61,29,132,125,270_Cercle3.jpg,320,240
Cercle_3,60,15,100,115,271_Cercle3.jpg,320,240
Cercle_3,59,48,115,102,272_Cercle3.jpg,320,240
Cercle_3,47,24,117,109,273_Cercle3.jpg,320,240
Cercle_3,46,26,110,102,274_Cercle3.jpg,320,240
Cercle_3,95,8,113,109,275_Cercle3.jpg,320,240
Cercle_3,195,57,25,29,276_Cercle3.jpg,320,240
Cercle_3,66,58,42,43,277_Cercle3.jpg,320,240
Cercle_3,144,95,25,25,278_Cercle3.jpg,320,240
Cercle_3,91,158,67,75,279_Cercle3.jpg,320,240
Cercle_3,69,25,107,104,280_Cercle3.jpg,320,240
Cercle_3,169,122,43,47,281_Cercle3.jpg,320,240
Cercle_3,257,107,38,37,282_Cercle3.jpg,320,240
Cercle_3,10,115,29,26,283_Cercle3.jpg,320,240
Cercle_3,158,115,30,27,284_Cercle3.jpg,320,240
Cercle_3,96,108,34,31,285_Cercle3.jpg,320,240
Cercle_3,53,110,42,38,286_Cercle3.jpg,320,240
Cercle_3,23,99,32,52,287_Cercle3.jpg,320,240
Cercle_3,22,120,46,40,288_Cercle3.jpg,320,240
Cercle_3,85,109,36,36,289_Cercle3.jpg,320,240
Cercle_3,201,108,27,25,290_Cercle3.jpg,320,240
Cercle_3,251,92,51,54,291_Cercle3.jpg,320,240
Cercle_3,72,165,72,75,292_Cercle3.jpg,320,240
Cercle_3,138,10,58,105,293_Cercle3.jpg,320,240
Cercle_3,154,127,55,58,294_Cercle3.jpg,320,240
Cercle_3,10,120,37,33,295_Cercle3.jpg,320,240
Cercle_3,7,103,35,35,296_Cercle3.jpg,320,240
Cercle_3,61,133,72,81,297_Cercle3.jpg,320,240
Cercle_3,148,93,58,61,298_Cercle3.jpg,320,240
Cercle_3,138,85,47,58,299_Cercle3.jpg,320,240
Cercle_3,194,114,40,44,300_Cercle3.jpg,320,240
Cercle_3,154,101,44,58,301_Cercle3.jpg,320,240
Cercle_3,216,82,54,54,302_Cercle3.jpg,320,240
Cercle_3,71,90,64,59,303_Cercle3.jpg,320,240
Cercle_3,87,88,59,59,304_Cercle3.jpg,320,240
Cercle_3,174,165,82,75,305_Cercle3.jpg,320,240
Cercle_3,34,19,81,109,306_Cercle3.jpg,320,240
Cercle_3,180,129,53,54,307_Cercle3.jpg,320,240
Cercle_3,66,162,72,76,308_Cercle3.jpg,320,240
Cercle_3,31,33,116,104,309_Cercle3.jpg,320,240
Cercle_3,157,130,47,49,310_Cercle3.jpg,320,240
Cercle_3,179,111,71,62,311_Cercle3.jpg,320,240
Cercle_3,153,101,59,59,312_Cercle3.jpg,320,240
Cercle_3,173,61,39,42,313_Cercle3.jpg,320,240
Cercle_3,108,91,60,58,314_Cercle3.jpg,320,240
Cercle_3,245,90,68,68,315_Cercle3.jpg,320,240
Cercle_3,120,104,106,109,316_Cercle3.jpg,320,240
Cercle_3,145,86,72,92,317_Cercle3.jpg,320,240
Cercle_3,234,106,70,71,318_Cercle3.jpg,320,240
Cercle_3,176,89,59,58,319_Cercle3.jpg,320,240
Cercle_3,243,118,50,48,320_Cercle3.jpg,320,240
Cercle_3,21,168,85,71,321_Cercle3.jpg,320,240
Cercle_3,45,24,91,84,322_Cercle3.jpg,320,240
Cercle_3,191,34,104,113,323_Cercle3.jpg,320,240
Cercle_3,133,83,43,43,324_Cercle3.jpg,320,240
Cercle_3,205,123,105,100,326_Cercle3.jpg,320,240
Cercle_3,135,122,80,81,327_Cercle3.jpg,320,240
Cercle_3,108,99,41,45,328_Cercle3.jpg,320,240
Cercle_3,125,102,40,39,329_Cercle3.jpg,320,240
Cercle_3,210,99,36,37,331_Cercle3.jpg,320,240
Cercle_3,108,97,28,27,332_Cercle3.jpg,320,240
Cercle_3,153,100,60,60,333_Cercle3.jpg,320,240
Cercle_3,19,167,91,73,334_Cercle3.jpg,320,240
Cercle_3,9,122,128,117,336_Cercle3.jpg,320,240
Cercle_3,119,98,63,62,337_Cercle3.jpg,320,240
Cercle_3,91,100,49,48,338_Cercle3.jpg,320,240
Cercle_3,137,96,46,51,339_Cercle3.jpg,320,240
Cercle_3,192,97,61,61,340_Cercle3.jpg,320,240
Cercle_3,157,72,70,60,341_Cercle3.jpg,320,240
Cercle_3,177,97,43,54,342_Cercle3.jpg,320,240
Cercle_3,139,100,60,60,343_Cercle3.jpg,320,240
Cercle_3,204,98,63,64,344_Cercle3.jpg,320,240
Cercle_3,158,95,62,62,345_Cercle3.jpg,320,240
Cercle_3,161,97,57,58,346_Cercle3.jpg,320,240
Cercle_3,85,156,73,78,347_Cercle3.jpg,320,240
Cercle_3,125,58,46,44,348_Cercle3.jpg,320,240
Cercle_3,157,110,48,47,349_Cercle3.jpg,320,240
Cercle_3,156,95,63,60,350_Cercle3.jpg,320,240
Cercle_3,156,96,60,57,351_Cercle3.jpg,320,240
Cercle_3,160,94,60,65,352_Cercle3.jpg,320,240
Cercle_3,160,94,63,62,353_Cercle3.jpg,320,240
Cercle_3,160,95,60,63,354_Cercle3.jpg,320,240
Cercle_3,130,94,54,57,355_Cercle3.jpg,320,240
Cercle_3,155,95,67,65,356_Cercle3.jpg,320,240
Cercle_3,156,94,67,64,357_Cercle3.jpg,320,240
Cercle_3,95,97,55,52,358_Cercle3.jpg,320,240
Cercle_3,138,140,57,56,359_Cercle3.jpg,320,240
Cercle_3,28,162,81,78,360_Cercle3.jpg,320,240
Cercle_3,54,26,153,135,361_Cercle3.jpg,320,240
Cercle_3,197,129,46,43,362_Cercle3.jpg,320,240
Cercle_3,256,144,64,61,363_Cercle3.jpg,320,240
Cercle_3,190,146,67,62,364_Cercle3.jpg,320,240
Cercle_3,40,166,99,74,365_Cercle3.jpg,320,240
Cercle_3,62,24,90,100,366_Cercle3.jpg,320,240
Cercle_3,204,105,60,61,367_Cercle3.jpg,320,240
Cercle_3,50,161,90,79,368_Cercle3.jpg,320,240
Cercle_3,38,23,142,124,369_Cercle3.jpg,320,240
Cercle_3,219,69,90,94,370_Cercle3.jpg,320,240
Cercle_3,24,169,86,70,371_Cercle3.jpg,320,240
Cercle_3,132,30,88,87,372_Cercle3.jpg,320,240
Cercle_3,174,98,60,75,373_Cercle3.jpg,320,240
Cercle_3,11,165,83,72,374_Cercle3.jpg,320,240
Cercle_3,29,17,115,111,375_Cercle3.jpg,320,240
Cercle_3,199,118,59,56,376_Cercle3.jpg,320,240
Cercle_3,4,164,90,76,377_Cercle3.jpg,320,240
Cercle_3,54,13,116,114,378_Cercle3.jpg,320,240
Cercle_3,34,111,65,64,379_Cercle3.jpg,320,240
Cercle_3,12,172,89,68,380_Cercle3.jpg,320,240
Cercle_3,26,37,143,127,381_Cercle3.jpg,320,240
Cercle_3,22,105,140,129,382_Cercle3.jpg,320,240
Cercle_3,133,156,75,73,383_Cercle3.jpg,320,240
Cercle_3,197,32,92,87,384_Cercle3.jpg,320,240
Cercle_3,69,132,65,61,385_Cercle3.jpg,320,240
Cercle_3,70,157,72,79,386_Cercle3.jpg,320,240
Cercle_3,106,66,82,81,387_Cercle3.jpg,320,240
Cercle_3,99,75,152,149,388_Cercle3.jpg,320,240
Cercle_3,69,158,74,76,389_Cercle3.jpg,320,240
Cercle_3,87,42,118,110,390_Cercle3.jpg,320,240
Cercle_3,126,67,126,121,391_Cercle3.jpg,320,240
Cercle_3,78,167,80,73,392_Cercle3.jpg,320,240
Cercle_3,85,99,150,137,393_Cercle3.jpg,320,240
Cercle_3,88,69,115,110,394_Cercle3.jpg,320,240
Cercle_3,70,162,74,76,395_Cercle3.jpg,320,240
Cercle_3,124,57,42,41,396_Cercle3.jpg,320,240
Cercle_3,39,75,113,103,397_Cercle3.jpg,320,240
Cercle_3,38,171,99,69,398_Cercle3.jpg,320,240
Cercle_3,67,53,184,158,399_Cercle3.jpg,320,240
Cercle_3,123,70,76,74,400_Cercle3.jpg,320,240
Cercle_3,38,171,97,69,401_Cercle3.jpg,320,240
Cercle_3,145,43,77,74,402_Cercle3.jpg,320,240
Cercle_3,108,78,123,118,403_Cercle3.jpg,320,240
Cercle_3,11,167,86,73,404_Cercle3.jpg,320,240
Cercle_3,141,83,29,27,405_Cercle3.jpg,320,240
Cercle_3,168,71,91,90,406_Cercle3.jpg,320,240
Cercle_3,10,170,86,70,407_Cercle3.jpg,320,240
Cercle_3,105,47,82,86,408_Cercle3.jpg,320,240
Cercle_3,179,72,104,106,409_Cercle3.jpg,320,240
Cercle_3,1,170,77,69,410_Cercle3.jpg,320,240
Cercle_3,199,100,80,94,411_Cercle3.jpg,320,240
Cercle_3,178,68,93,90,412_Cercle3.jpg,320,240
Cercle_3,10,172,93,68,413_Cercle3.jpg,320,240
Cercle_3,70,27,133,122,414_Cercle3.jpg,320,240
Cercle_3,170,60,62,72,415_Cercle3.jpg,320,240
Cercle_3,0,169,79,70,416_Cercle3.jpg,320,240
Cercle_3,120,47,113,110,417_Cercle3.jpg,320,240
Cercle_3,189,71,79,82,418_Cercle3.jpg,320,240
Cercle_3,77,91,51,52,419_Cercle3.jpg,320,240
Cercle_3,164,33,87,93,420_Cercle3.jpg,320,240
Cercle_3,124,72,82,80,421_Cercle3.jpg,320,240
Cercle_3,81,92,46,47,422_Cercle3.jpg,320,240
Cercle_3,108,94,94,91,423_Cercle3.jpg,320,240
Cercle_3,161,68,82,82,424_Cercle3.jpg,320,240
Cercle_3,76,94,66,59,425_Cercle3.jpg,320,240
Cercle_3,159,60,24,20,426_Cercle3.jpg,320,240
Cercle_3,142,69,83,83,427_Cercle3.jpg,320,240
Cercle_3,77,93,61,59,428_Cercle3.jpg,320,240
Cercle_3,148,59,40,44,429_Cercle3.jpg,320,240
Cercle_3,111,70,89,87,430_Cercle3.jpg,320,240
Cercle_3,101,88,49,45,431_Cercle3.jpg,320,240
Cercle_3,70,59,48,41,432_Cercle3.jpg,320,240
Cercle_3,128,74,83,78,433_Cercle3.jpg,320,240
Cercle_3,101,86,49,47,434_Cercle3.jpg,320,240
Cercle_3,79,36,138,122,435_Cercle3.jpg,320,240
Cercle_3,192,67,78,81,436_Cercle3.jpg,320,240
Cercle_3,65,97,72,70,437_Cercle3.jpg,320,240
Cercle_3,144,60,44,44,438_Cercle3.jpg,320,240
Cercle_3,119,74,85,87,439_Cercle3.jpg,320,240
Cercle_3,50,93,75,68,440_Cercle3.jpg,320,240
Cercle_3,108,70,87,76,441_Cercle3.jpg,320,240
Cercle_3,111,74,83,82,442_Cercle3.jpg,320,240
Cercle_3,58,91,55,51,443_Cercle3.jpg,320,240
Cercle_3,154,48,80,84,444_Cercle3.jpg,320,240
Cercle_3,100,73,74,72,445_Cercle3.jpg,320,240
Cercle_3,23,163,68,70,446_Cercle3.jpg,320,240
Cercle_3,54,32,156,144,447_Cercle3.jpg,320,240
Cercle_3,117,75,120,110,448_Cercle3.jpg,320,240
Cercle_3,9,96,62,60,449_Cercle3.jpg,320,240
Cercle_3,152,53,82,79,450_Cercle3.jpg,320,240
Cercle_3,121,61,92,95,451_Cercle3.jpg,320,240
Cercle_3,131,120,45,43,452_Cercle3.jpg,320,240
Cercle_3,24,86,95,91,453_Cercle3.jpg,320,240
Cercle_3,174,67,91,87,454_Cercle3.jpg,320,240
Cercle_3,51,89,63,56,455_Cercle3.jpg,320,240
Cercle_3,123,81,108,105,456_Cercle3.jpg,320,240
Cercle_3,179,71,83,80,457_Cercle3.jpg,320,240
Cercle_3,12,91,50,43,458_Cercle3.jpg,320,240
Cercle_3,81,64,77,71,459_Cercle3.jpg,320,240
Cercle_3,135,70,84,86,460_Cercle3.jpg,320,240
Cercle_3,3,134,53,55,461_Cercle3.jpg,320,240
Cercle_3,82,11,82,83,462_Cercle3.jpg,320,240
Cercle_3,104,72,75,78,463_Cercle3.jpg,320,240
Cercle_3,2,135,55,52,464_Cercle3.jpg,320,240
Cercle_3,158,52,106,115,465_Cercle3.jpg,320,240
Cercle_3,141,69,77,78,466_Cercle3.jpg,320,240
Cercle_3,22,126,59,51,467_Cercle3.jpg,320,240
Cercle_3,76,60,47,41,468_Cercle3.jpg,320,240
Cercle_3,114,72,87,82,469_Cercle3.jpg,320,240
Cercle_3,23,121,59,57,470_Cercle3.jpg,320,240
Cercle_3,201,10,119,124,471_Cercle3.jpg,320,240
Cercle_3,122,71,81,81,472_Cercle3.jpg,320,240
Cercle_3,224,85,41,48,473_Cercle3.jpg,320,240
Cercle_3,31,48,80,77,474_Cercle3.jpg,320,240
Cercle_3,119,69,84,84,475_Cercle3.jpg,320,240
Cercle_3,225,87,42,44,476_Cercle3.jpg,320,240
Cercle_3,166,93,95,87,477_Cercle3.jpg,320,240
Cercle_3,120,67,93,94,478_Cercle3.jpg,320,240
Cercle_3,41,169,87,70,479_Cercle3.jpg,320,240
Cercle_3,5,31,121,109,480_Cercle3.jpg,320,240
Cercle_3,120,117,58,58,481_Cercle3.jpg,320,240
Cercle_3,223,85,43,48,482_Cercle3.jpg,320,240
Cercle_3,0,90,115,149,483_Cercle3.jpg,320,240
Cercle_3,135,72,82,81,484_Cercle3.jpg,320,240
Cercle_3,114,88,41,41,485_Cercle3.jpg,320,240
Cercle_3,156,45,43,50,486_Cercle3.jpg,320,240
Cercle_3,117,71,95,90,487_Cercle3.jpg,320,240
Cercle_3,140,79,35,35,488_Cercle3.jpg,320,240
Cercle_3,154,53,37,40,489_Cercle3.jpg,320,240
Cercle_3,114,74,87,85,490_Cercle3.jpg,320,240
Cercle_3,84,117,45,46,491_Cercle3.jpg,320,240
Cercle_3,44,90,96,89,492_Cercle3.jpg,320,240
Cercle_3,211,71,92,85,493_Cercle3.jpg,320,240
Cercle_3,85,117,43,44,494_Cercle3.jpg,320,240
Cercle_3,246,59,32,36,495_Cercle3.jpg,320,240
Cercle_3,139,66,91,89,496_Cercle3.jpg,320,240
Cercle_3,85,117,43,45,497_Cercle3.jpg,320,240
Cercle_3,73,94,116,115,498_Cercle3.jpg,320,240
Cercle_3,224,64,93,96,499_Cercle3.jpg,320,240
Cercle_3,140,131,26,23,500_Cercle3.jpg,320,240
Cercle_3,110,68,91,87,502_Cercle3.jpg,320,240
Cercle_3,179,137,47,47,503_Cercle3.jpg,320,240
Cercle_3,20,59,54,41,504_Cercle3.jpg,320,240
Cercle_3,195,64,82,81,505_Cercle3.jpg,320,240
Cercle_3,144,111,56,69,506_Cercle3.jpg,320,240
Cercle_3,175,66,87,85,507_Cercle3.jpg,320,240
Cercle_3,143,111,55,70,508_Cercle3.jpg,320,240
Cercle_3,134,66,80,80,509_Cercle3.jpg,320,240
Cercle_3,6,167,93,73,510_Cercle3.jpg,320,240
Cercle_3,31,48,119,107,511_Cercle3.jpg,320,240
Cercle_3,203,115,56,54,512_Cercle3.jpg,320,240
Cercle_3,142,109,59,72,513_Cercle3.jpg,320,240
Cercle_3,177,61,88,89,514_Cercle3.jpg,320,240
Cercle_3,139,109,63,72,515_Cercle3.jpg,320,240
Cercle_3,113,64,84,80,516_Cercle3.jpg,320,240
Cercle_3,31,155,55,50,517_Cercle3.jpg,320,240
Cercle_3,108,70,128,121,518_Cercle3.jpg,320,240
Cercle_3,130,89,95,89,519_Cercle3.jpg,320,240
Cercle_3,166,65,72,66,520_Cercle3.jpg,320,240
Cercle_3,81,94,165,146,521_Cercle3.jpg,320,240
Cercle_3,179,57,70,73,522_Cercle3.jpg,320,240
Cercle_3,15,25,150,133,523_Cercle3.jpg,320,240
Cercle_3,214,69,75,69,524_Cercle3.jpg,320,240
Cercle_3,171,154,47,45,525_Cercle3.jpg,320,240
Cercle_3,128,66,81,75,526_Cercle3.jpg,320,240
Cercle_3,170,153,48,46,527_Cercle3.jpg,320,240
Cercle_3,106,68,87,77,528_Cercle3.jpg,320,240
Cercle_3,76,36,126,114,529_Cercle3.jpg,320,240
Cercle_3,95,64,91,83,530_Cercle3.jpg,320,240
Cercle_3,7,110,45,37,531_Cercle3.jpg,320,240
Cercle_3,86,76,81,75,532_Cercle3.jpg,320,240
Cercle_3,3,164,94,76,533_Cercle3.jpg,320,240
Cercle_3,54,29,123,110,534_Cercle3.jpg,320,240
Cercle_3,141,112,51,51,535_Cercle3.jpg,320,240
Cercle_3,54,88,30,28,536_Cercle3.jpg,320,240
Cercle_3,157,69,78,77,537_Cercle3.jpg,320,240
Cercle_3,53,90,31,27,538_Cercle3.jpg,320,240
Cercle_3,73,72,75,70,539_Cercle3.jpg,320,240
Cercle_3,8,108,45,38,540_Cercle3.jpg,320,240
Cercle_3,0,73,66,71,541_Cercle3.jpg,320,240
Cercle_3,54,90,29,27,542_Cercle3.jpg,320,240
Cercle_3,0,74,67,71,543_Cercle3.jpg,320,240
Cercle_3,54,89,31,29,544_Cercle3.jpg,320,240
Cercle_3,149,72,72,72,545_Cercle3.jpg,320,240
Cercle_3,10,109,41,37,546_Cercle3.jpg,320,240
Cercle_3,70,73,79,73,547_Cercle3.jpg,320,240
Cercle_3,9,109,42,37,548_Cercle3.jpg,320,240
Cercle_3,177,70,73,69,549_Cercle3.jpg,320,240
Cercle_3,92,84,93,87,550_Cercle3.jpg,320,240
Cercle_3,64,72,75,74,551_Cercle3.jpg,320,240
Cercle_3,134,91,89,86,552_Cercle3.jpg,320,240
Cercle_3,91,76,72,68,553_Cercle3.jpg,320,240
Cercle_3,89,29,136,123,554_Cercle3.jpg,320,240
Cercle_3,145,74,73,75,555_Cercle3.jpg,320,240
Cercle_4,26,91,91,89,1_Cercle4.jpg,320,240
Cercle_4,1239,2202,742,717,2_Cercle4.jpg,3024,4032
Cercle_4,18,44,95,80,3_Cercle4.jpg,320,240
Cercle_4,238,103,81,72,4_Cercle4.jpg,320,240
Cercle_4,140,144,34,31,5_Cercle4.jpg,320,240
Cercle_4,62,71,46,45,6_Cercle4.jpg,320,240
Cercle_4,0,30,65,111,7_Cercle4.jpg,320,240
Cercle_4,24,99,57,51,8_Cercle4.jpg,320,240
Cercle_4,81,32,114,130,9_Cercle4.jpg,320,240
Cercle_4,25,101,48,47,10_Cercle4.jpg,320,240
Cercle_4,71,126,64,66,11_Cercle4.jpg,320,240
Cercle_4,15,126,51,49,12_Cercle4.jpg,320,240
Cercle_4,107,22,79,77,13_Cercle4.jpg,320,240
Cercle_4,7,130,55,49,14_Cercle4.jpg,320,240
Cercle_4,93,33,101,124,15_Cercle4.jpg,320,240
Cercle_4,4,96,52,45,16_Cercle4.jpg,320,240
Cercle_4,141,29,101,116,17_Cercle4.jpg,320,240
Cercle_4,21,73,63,53,18_Cercle4.jpg,320,240
Cercle_4,55,140,45,41,19_Cercle4.jpg,320,240
Cercle_4,16,3,60,52,20_Cercle4.jpg,320,240
Cercle_4,35,30,110,128,21_Cercle4.jpg,320,240
Cercle_4,12,58,82,72,22_Cercle4.jpg,320,240
Cercle_4,186,36,111,112,23_Cercle4.jpg,320,240
Cercle_4,12,58,83,73,24_Cercle4.jpg,320,240
Cercle_4,210,36,110,118,25_Cercle4.jpg,320,240
Cercle_4,9,51,66,57,26_Cercle4.jpg,320,240
Cercle_4,49,106,63,62,27_Cercle4.jpg,320,240
Cercle_4,167,88,63,63,28_Cercle4.jpg,320,240
Cercle_4,81,120,58,53,29_Cercle4.jpg,320,240
Cercle_4,19,45,103,109,30_Cercle4.jpg,320,240
Cercle_4,15,45,77,70,31_Cercle4.jpg,320,240
Cercle_4,123,38,109,122,32_Cercle4.jpg,320,240
Cercle_4,98,34,101,117,33_Cercle4.jpg,320,240
Cercle_4,164,33,108,118,34_Cercle4.jpg,320,240
Cercle_4,132,41,95,98,35_Cercle4.jpg,320,240
Cercle_4,108,38,74,83,36_Cercle4.jpg,320,240
Cercle_4,92,38,119,111,37_Cercle4.jpg,320,240
Cercle_4,238,95,47,45,38_Cercle4.jpg,320,240
Cercle_4,99,47,79,81,39_Cercle4.jpg,320,240
Cercle_4,77,25,118,137,40_Cercle4.jpg,320,240
Cercle_4,86,103,84,73,41_Cercle4.jpg,320,240
Cercle_4,155,144,33,33,42_Cercle4.jpg,320,240
Cercle_4,94,82,110,113,43_Cercle4.jpg,320,240
Cercle_4,98,44,110,118,44_Cercle4.jpg,320,240
Cercle_4,134,34,116,125,45_Cercle4.jpg,320,240
Cercle_4,57,38,102,110,46_Cercle4.jpg,320,240
Cercle_4,133,41,74,80,47_Cercle4.jpg,320,240
Cercle_4,146,27,99,109,48_Cercle4.jpg,320,240
Cercle_4,1259,1851,717,727,49_Cercle4.jpg,3024,4032
Cercle_4,235,95,51,41,50_Cercle4.jpg,320,240
Cercle_4,61,129,60,56,51_Cercle4.jpg,320,240
Cercle_4,37,105,34,41,52_Cercle4.jpg,320,240
Cercle_4,217,110,43,40,53_Cercle4.jpg,320,240
Cercle_4,26,105,72,65,54_Cercle4.jpg,320,240
Cercle_4,123,61,23,21,55_Cercle4.jpg,320,240
Cercle_4,126,121,43,37,56_Cercle4.jpg,320,240
Cercle_4,136,115,40,41,57_Cercle4.jpg,320,240
Cercle_4,215,94,63,56,58_Cercle4.jpg,320,240
Cercle_4,243,85,67,65,59_Cercle4.jpg,320,240
Cercle_4,158,89,60,61,60_Cercle4.jpg,320,240
Cercle_4,107,95,56,56,61_Cercle4.jpg,320,240
Cercle_4,122,93,45,51,62_Cercle4.jpg,320,240
Cercle_4,150,96,30,37,63_Cercle4.jpg,320,240
Cercle_4,158,92,52,52,64_Cercle4.jpg,320,240
Cercle_4,119,91,74,77,65_Cercle4.jpg,320,240
Cercle_4,181,91,65,71,66_Cercle4.jpg,320,240
Cercle_4,76,99,70,66,67_Cercle4.jpg,320,240
Cercle_4,133,145,28,25,68_Cercle4.jpg,320,240
Cercle_4,60,98,44,39,69_Cercle4.jpg,320,240
Cercle_4,153,94,40,38,70_Cercle4.jpg,320,240
Cercle_4,133,89,54,59,71_Cercle4.jpg,320,240
Cercle_4,126,88,49,54,72_Cercle4.jpg,320,240
Cercle_4,146,88,46,55,73_Cercle4.jpg,320,240
Cercle_4,152,88,64,63,74_Cercle4.jpg,320,240
Cercle_4,135,91,47,53,75_Cercle4.jpg,320,240
Cercle_4,75,88,57,60,76_Cercle4.jpg,320,240
Cercle_4,80,86,54,64,77_Cercle4.jpg,320,240
Cercle_4,138,87,55,67,78_Cercle4.jpg,320,240
Cercle_4,108,88,110,118,79_Cercle4.jpg,320,240
Cercle_4,208,104,67,64,80_Cercle4.jpg,320,240
Cercle_4,135,151,30,25,81_Cercle4.jpg,320,240
Cercle_4,28,118,68,59,82_Cercle4.jpg,320,240
Cercle_4,182,88,119,131,83_Cercle4.jpg,320,240
Cercle_4,117,92,60,84,84_Cercle4.jpg,320,240
Cercle_4,98,91,82,78,85_Cercle4.jpg,320,240
Cercle_4,146,91,57,73,86_Cercle4.jpg,320,240
Cercle_4,195,90,88,92,87_Cercle4.jpg,320,240
Cercle_4,156,94,49,50,88_Cercle4.jpg,320,240
Cercle_4,124,91,48,49,89_Cercle4.jpg,320,240
Cercle_4,212,91,52,56,90_Cercle4.jpg,320,240
Cercle_4,169,87,84,95,91_Cercle4.jpg,320,240
Cercle_4,67,83,89,87,92_Cercle4.jpg,320,240
Cercle_4,208,107,67,61,93_Cercle4.jpg,320,240
Cercle_4,202,45,116,119,94_Cercle4.jpg,320,240
Cercle_4,72,130,55,53,95_Cercle4.jpg,320,240
Cercle_4,208,92,60,72,96_Cercle4.jpg,320,240
Cercle_4,109,93,59,66,97_Cercle4.jpg,320,240
Cercle_4,69,88,71,66,98_Cercle4.jpg,320,240
Cercle_4,64,140,67,67,99_Cercle4.jpg,320,240
Cercle_4,166,141,64,68,100_Cercle4.jpg,320,240
Cercle_4,134,141,55,60,101_Cercle4.jpg,320,240
Cercle_4,82,140,50,55,102_Cercle4.jpg,320,240
Cercle_4,105,140,59,67,103_Cercle4.jpg,320,240
Cercle_4,29,143,66,67,104_Cercle4.jpg,320,240
Cercle_4,156,139,48,56,105_Cercle4.jpg,320,240
Cercle_4,72,100,71,67,106_Cercle4.jpg,320,240
Cercle_4,69,35,101,112,107_Cercle4.jpg,320,240
Cercle_4,165,116,62,64,108_Cercle4.jpg,320,240
Cercle_4,154,139,49,55,109_Cercle4.jpg,320,240
Cercle_4,85,139,52,56,110_Cercle4.jpg,320,240
Cercle_4,112,138,52,61,111_Cercle4.jpg,320,240
Cercle_4,122,138,80,84,112_Cercle4.jpg,320,240
Cercle_4,161,139,45,48,113_Cercle4.jpg,320,240
Cercle_4,96,137,51,61,114_Cercle4.jpg,320,240
Cercle_4,105,141,57,68,115_Cercle4.jpg,320,240
Cercle_4,97,141,68,79,116_Cercle4.jpg,320,240
Cercle_4,140,146,83,90,117_Cercle4.jpg,320,240
Cercle_4,117,143,87,92,118_Cercle4.jpg,320,240
Cercle_4,210,110,62,59,119_Cercle4.jpg,320,240
Cercle_4,133,37,34,32,120_Cercle4.jpg,320,240
Cercle_4,94,132,53,50,121_Cercle4.jpg,320,240
Cercle_4,129,141,84,91,122_Cercle4.jpg,320,240
Cercle_4,177,144,96,96,123_Cercle4.jpg,320,240
Cercle_4,167,143,61,65,124_Cercle4.jpg,320,240
Cercle_4,172,52,59,63,125_Cercle4.jpg,320,240
Cercle_4,118,101,29,29,126_Cercle4.jpg,320,240
Cercle_4,100,143,48,37,127_Cercle4.jpg,320,240
Cercle_4,88,149,56,54,128_Cercle4.jpg,320,240
Cercle_4,93,172,65,64,129_Cercle4.jpg,320,240
Cercle_4,71,151,57,62,130_Cercle4.jpg,320,240
Cercle_4,178,105,112,113,131_Cercle4.jpg,320,240
Cercle_4,45,91,86,83,132_Cercle4.jpg,320,240
Cercle_4,159,127,51,48,133_Cercle4.jpg,320,240
Cercle_4,54,133,74,69,134_Cercle4.jpg,320,240
Cercle_4,90,153,63,66,135_Cercle4.jpg,320,240
Cercle_4,179,107,112,111,136_Cercle4.jpg,320,240
Cercle_4,77,152,60,58,137_Cercle4.jpg,320,240
Cercle_4,146,131,65,64,138_Cercle4.jpg,320,240
Cercle_4,108,42,45,39,139_Cercle4.jpg,320,240
Cercle_4,86,103,47,41,140_Cercle4.jpg,320,240
Cercle_4,208,102,75,74,141_Cercle4.jpg,320,240
Cercle_4,189,130,46,44,142_Cercle4.jpg,320,240
Cercle_4,40,55,42,44,143_Cercle4.jpg,320,240
Cercle_4,63,99,73,67,144_Cercle4.jpg,320,240
Cercle_4,51,29,116,127,145_Cercle4.jpg,320,240
Cercle_4,34,133,54,50,146_Cercle4.jpg,320,240
Cercle_4,0,94,78,82,147_Cercle4.jpg,320,240
Cercle_4,128,141,33,33,148_Cercle4.jpg,320,240
Cercle_4,156,111,48,43,149_Cercle4.jpg,320,240
Cercle_4,0,96,83,76,150_Cercle4.jpg,320,240
Cercle_4,182,126,41,41,151_Cercle4.jpg,320,240
Cercle_4,73,121,57,54,152_Cercle4.jpg,320,240
Cercle_4,86,107,64,63,153_Cercle4.jpg,320,240
Cercle_4,177,117,44,41,154_Cercle4.jpg,320,240
Cercle_4,45,119,62,59,155_Cercle4.jpg,320,240
Cercle_4,44,98,78,75,156_Cercle4.jpg,320,240
Cercle_4,171,119,40,38,157_Cercle4.jpg,320,240
Cercle_4,58,96,41,44,158_Cercle4.jpg,320,240
Cercle_4,45,93,91,80,159_Cercle4.jpg,320,240
Cercle_4,214,109,55,48,160_Cercle4.jpg,320,240
Cercle_4,33,116,69,63,161_Cercle4.jpg,320,240
Cercle_4,40,99,72,68,162_Cercle4.jpg,320,240
Cercle_4,69,32,108,115,163_Cercle4.jpg,320,240
Cercle_4,120,110,47,44,164_Cercle4.jpg,320,240
Cercle_4,49,97,73,70,165_Cercle4.jpg,320,240
Cercle_4,194,121,39,37,166_Cercle4.jpg,320,240
Cercle_4,146,100,51,54,167_Cercle4.jpg,320,240
Cercle_4,161,105,62,62,168_Cercle4.jpg,320,240
Cercle_4,96,41,63,69,169_Cercle4.jpg,320,240
Cercle_4,152,112,50,50,170_Cercle4.jpg,320,240
Cercle_4,53,154,55,60,171_Cercle4.jpg,320,240
Cercle_4,127,44,74,75,172_Cercle4.jpg,320,240
Cercle_4,74,91,56,56,173_Cercle4.jpg,320,240
Cercle_4,28,93,89,82,174_Cercle4.jpg,320,240
Cercle_4,207,115,49,46,175_Cercle4.jpg,320,240
Cercle_4,20,105,36,31,176_Cercle4.jpg,320,240
Cercle_4,82,104,70,67,177_Cercle4.jpg,320,240
Cercle_4,196,122,37,38,178_Cercle4.jpg,320,240
Cercle_4,105,121,59,49,179_Cercle4.jpg,320,240
Cercle_4,60,102,71,68,180_Cercle4.jpg,320,240
Cercle_4,21,103,64,58,181_Cercle4.jpg,320,240
Cercle_4,66,111,36,33,182_Cercle4.jpg,320,240
Cercle_4,22,91,84,77,183_Cercle4.jpg,320,240
Cercle_4,141,75,61,57,184_Cercle4.jpg,320,240
Cercle_4,112,106,48,46,185_Cercle4.jpg,320,240
Cercle_4,47,100,67,64,186_Cercle4.jpg,320,240
Cercle_4,124,98,40,38,187_Cercle4.jpg,320,240
Cercle_4,72,107,47,41,188_Cercle4.jpg,320,240
Cercle_4,76,101,65,69,189_Cercle4.jpg,320,240
Cercle_4,128,101,36,35,190_Cercle4.jpg,320,240
Cercle_4,38,118,63,55,191_Cercle4.jpg,320,240
Cercle_4,206,104,78,70,192_Cercle4.jpg,320,240
Cercle_4,97,118,102,103,193_Cercle4.jpg,320,240
Cercle_4,163,129,48,44,194_Cercle4.jpg,320,240
Cercle_4,68,99,77,73,195_Cercle4.jpg,320,240
Cercle_4,96,91,118,114,196_Cercle4.jpg,320,240
Cercle_4,20,121,71,63,197_Cercle4.jpg,320,240
Cercle_4,86,91,91,91,198_Cercle4.jpg,320,240
Cercle_4,146,115,50,43,199_Cercle4.jpg,320,240
Cercle_4,18,101,48,38,200_Cercle4.jpg,320,240
Cercle_4,206,108,77,65,201_Cercle4.jpg,320,240
Cercle_4,102,41,88,102,202_Cercle4.jpg,320,240
Cercle_4,177,50,46,42,203_Cercle4.jpg,320,240
Cercle_4,61,94,86,82,204_Cercle4.jpg,320,240
Cercle_4,75,40,86,95,205_Cercle4.jpg,320,240
Cercle_4,151,118,62,57,206_Cercle4.jpg,320,240
Cercle_4,67,90,94,91,207_Cercle4.jpg,320,240
Cercle_4,86,145,62,65,208_Cercle4.jpg,320,240
Cercle_4,30,107,40,36,209_Cercle4.jpg,320,240
Cercle_4,67,91,92,88,210_Cercle4.jpg,320,240
Cercle_4,103,100,59,50,211_Cercle4.jpg,320,240
Cercle_4,19,111,55,46,212_Cercle4.jpg,320,240
Cercle_4,207,106,79,73,213_Cercle4.jpg,320,240
Cercle_4,80,110,62,60,214_Cercle4.jpg,320,240
Cercle_4,26,114,44,41,215_Cercle4.jpg,320,240
Cercle_4,58,92,92,92,216_Cercle4.jpg,320,240
Cercle_4,209,100,53,49,217_Cercle4.jpg,320,240
Cercle_4,60,80,41,38,218_Cercle4.jpg,320,240
Cercle_4,53,91,98,91,219_Cercle4.jpg,320,240
Cercle_4,222,96,56,48,220_Cercle4.jpg,320,240
Cercle_4,82,107,50,45,221_Cercle4.jpg,320,240
Cercle_4,176,138,79,80,222_Cercle4.jpg,320,240
Cercle_4,239,94,61,54,223_Cercle4.jpg,320,240
Cercle_4,82,113,41,40,224_Cercle4.jpg,320,240
Cercle_4,36,133,38,31,225_Cercle4.jpg,320,240
Cercle_4,173,102,71,67,226_Cercle4.jpg,320,240
Cercle_4,124,102,34,30,227_Cercle4.jpg,320,240
Cercle_4,157,121,43,41,228_Cercle4.jpg,320,240
Cercle_4,151,100,117,117,229_Cercle4.jpg,320,240
Cercle_4,173,151,76,68,230_Cercle4.jpg,320,240
Cercle_4,227,120,70,68,231_Cercle4.jpg,320,240
Cercle_4,17,124,114,109,232_Cercle4.jpg,320,240
Cercle_4,239,35,80,120,233_Cercle4.jpg,320,240
Cercle_4,63,95,85,79,234_Cercle4.jpg,320,240
Cercle_4,115,161,91,40,235_Cercle4.jpg,320,240
Cercle_4,163,131,68,68,236_Cercle4.jpg,320,240
Cercle_4,123,40,85,99,237_Cercle4.jpg,320,240
Cercle_4,152,59,59,58,238_Cercle4.jpg,320,240
Cercle_4,168,89,62,62,239_Cercle4.jpg,320,240
Cercle_4,11,121,76,62,240_Cercle4.jpg,320,240
Cercle_4,137,130,121,109,241_Cercle4.jpg,320,240
Cercle_4,75,121,55,51,242_Cercle4.jpg,320,240
Cercle_4,141,131,116,108,243_Cercle4.jpg,320,240
Cercle_4,106,121,54,52,244_Cercle4.jpg,320,240
Cercle_4,142,69,178,171,245_Cercle4.jpg,320,240
Cercle_4,174,120,56,51,246_Cercle4.jpg,320,240
Cercle_4,141,73,179,167,247_Cercle4.jpg,320,240
Cercle_4,93,118,61,58,248_Cercle4.jpg,320,240
Cercle_4,12,71,180,169,249_Cercle4.jpg,320,240
Cercle_4,106,106,56,54,250_Cercle4.jpg,320,240
Cercle_4,12,68,176,171,251_Cercle4.jpg,320,240
Cercle_4,78,115,49,45,252_Cercle4.jpg,320,240
Cercle_4,127,100,38,37,253_Cercle4.jpg,320,240
Cercle_4,127,114,45,44,254_Cercle4.jpg,320,240
Cercle_4,128,100,35,35,255_Cercle4.jpg,320,240
Cercle_4,240,128,74,72,256_Cercle4.jpg,320,240
Cercle_4,195,97,81,75,257_Cercle4.jpg,320,240
Cercle_4,150,126,29,26,258_Cercle4.jpg,320,240
Cercle_4,174,101,119,111,259_Cercle4.jpg,320,240
Cercle_4,122,25,126,124,260_Cercle4.jpg,320,240
Cercle_4,74,124,54,52,261_Cercle4.jpg,320,240
Cercle_4,114,38,99,110,262_Cercle4.jpg,320,240
Cercle_4,96,114,47,43,263_Cercle4.jpg,320,240
Cercle_4,159,121,50,50,264_Cercle4.jpg,320,240
Cercle_4,13,81,64,51,265_Cercle4.jpg,320,240
Cercle_4,150,117,56,54,266_Cercle4.jpg,320,240
Cercle_4,116,105,64,64,267_Cercle4.jpg,320,240
Cercle_4,121,119,100,103,268_Cercle4.jpg,320,240
Cercle_4,162,130,69,67,269_Cercle4.jpg,320,240
Cercle_4,147,23,112,126,270_Cercle4.jpg,320,240
Cercle_4,33,70,46,39,271_Cercle4.jpg,320,240
Cercle_4,20,25,110,119,272_Cercle4.jpg,320,240
Cercle_4,96,106,47,47,273_Cercle4.jpg,320,240
Cercle_4,82,30,115,124,274_Cercle4.jpg,320,240
Cercle_4,37,127,46,39,275_Cercle4.jpg,320,240
Cercle_4,59,39,105,117,276_Cercle4.jpg,320,240
Cercle_4,52,114,33,33,277_Cercle4.jpg,320,240
Cercle_4,147,40,99,103,278_Cercle4.jpg,320,240
Cercle_4,50,118,44,41,279_Cercle4.jpg,320,240
Cercle_4,2,98,87,80,280_Cercle4.jpg,320,240
Cercle_4,153,131,26,25,281_Cercle4.jpg,320,240
Cercle_4,185,107,54,52,282_Cercle4.jpg,320,240
Cercle_4,158,41,111,104,283_Cercle4.jpg,320,240
Cercle_4,68,97,33,30,284_Cercle4.jpg,320,240
Cercle_4,259,207,179,82,285_Cercle4.jpg,638,480
Cercle_4,176,113,80,78,286_Cercle4.jpg,320,240
Cercle_4,119,36,117,122,287_Cercle4.jpg,320,240
Cercle_4,145,131,69,65,288_Cercle4.jpg,320,240
Cercle_4,75,141,78,80,289_Cercle4.jpg,320,240
Cercle_4,157,131,74,64,290_Cercle4.jpg,320,240
Cercle_4,81,33,106,118,291_Cercle4.jpg,320,240
Cercle_4,143,40,102,110,293_Cercle4.jpg,320,240
Cercle_4,10,135,51,45,294_Cercle4.jpg,320,240
Cercle_4,172,98,52,49,295_Cercle4.jpg,320,240
Cercle_4,159,65,44,47,296_Cercle4.jpg,320,240
Cercle_4,58,48,75,76,297_Cercle4.jpg,320,240
Cercle_4,8,120,48,43,298_Cercle4.jpg,320,240
Cercle_4,79,33,109,116,299_Cercle4.jpg,320,240
Cercle_4,121,60,32,30,300_Cercle4.jpg,320,240
Cercle_4,137,44,123,127,301_Cercle4.jpg,320,240
Cercle_4,222,118,65,64,302_Cercle4.jpg,320,240
Cercle_4,22,96,87,78,303_Cercle4.jpg,320,240
Cercle_4,185,52,62,72,304_Cercle4.jpg,320,240
Cercle_4,95,108,65,63,305_Cercle4.jpg,320,240
Cercle_4,151,29,115,120,306_Cercle4.jpg,320,240
Cercle_4,138,106,48,44,307_Cercle4.jpg,320,240
Cercle_4,49,30,97,112,308_Cercle4.jpg,320,240
Cercle_4,155,99,44,41,309_Cercle4.jpg,320,240
Cercle_4,152,43,94,100,310_Cercle4.jpg,320,240
Cercle_4,15,126,47,43,311_Cercle4.jpg,320,240
Cercle_4,155,98,51,48,312_Cercle4.jpg,320,240
Cercle_4,71,131,48,46,313_Cercle4.jpg,320,240
Cercle_4,87,101,71,66,314_Cercle4.jpg,320,240
Cercle_4,132,112,68,64,315_Cercle4.jpg,320,240
Cercle_4,253,34,67,117,316_Cercle4.jpg,320,240
Cercle_4,82,132,47,44,317_Cercle4.jpg,320,240
Cercle_4,164,33,116,126,318_Cercle4.jpg,320,240
Cercle_4,19,82,160,144,319_Cercle4.jpg,320,240
Cercle_4,121,41,97,104,320_Cercle4.jpg,320,240
Cercle_4,143,62,68,64,321_Cercle4.jpg,320,240
Cercle_4,60,33,92,105,322_Cercle4.jpg,320,240
Cercle_4,39,86,185,154,323_Cercle4.jpg,320,240
Cercle_4,123,119,38,38,324_Cercle4.jpg,320,240
Cercle_4,174,61,61,59,325_Cercle4.jpg,320,240
Cercle_4,242,106,77,67,326_Cercle4.jpg,320,240
Cercle_4,150,103,35,33,327_Cercle4.jpg,320,240
Cercle_4,76,91,97,82,328_Cercle4.jpg,320,240
Cercle_4,158,35,111,114,329_Cercle4.jpg,320,240
Cercle_4,164,53,57,60,330_Cercle4.jpg,320,240
Cercle_4,184,29,136,133,331_Cercle4.jpg,320,240
Cercle_4,146,55,54,52,332_Cercle4.jpg,320,240
Cercle_4,190,37,123,120,333_Cercle4.jpg,320,240
Cercle_4,162,38,110,107,335_Cercle4.jpg,320,240
Cercle_4,147,46,72,69,336_Cercle4.jpg,320,240
Cercle_4,23,45,60,61,337_Cercle4.jpg,320,240
Cercle_4,128,42,75,69,338_Cercle4.jpg,320,240
Cercle_4,128,127,111,101,339_Cercle4.jpg,320,240
Cercle_4,23,87,63,55,340_Cercle4.jpg,320,240
Cercle_4,153,39,94,103,341_Cercle4.jpg,320,240
Cercle_4,15,88,69,55,342_Cercle4.jpg,320,240
Cercle_4,178,41,101,101,343_Cercle4.jpg,320,240
Cercle_4,15,87,64,56,344_Cercle4.jpg,320,240
Cercle_4,150,47,113,113,345_Cercle4.jpg,320,240
Cercle_4,18,104,71,62,346_Cercle4.jpg,320,240
Cercle_4,229,38,91,115,347_Cercle4.jpg,320,240
Cercle_4,16,106,73,67,348_Cercle4.jpg,320,240
Cercle_5,166,159,87,79,1_Cercle5.jpg,320,240
Cercle_5,125,91,105,105,2_Cercle5.jpg,320,240
Cercle_5,124,30,79,79,3_Cercle5.jpg,320,240
Cercle_5,150,156,76,68,4_Cercle5.jpg,320,240
Cercle_5,69,46,68,67,5_Cercle5.jpg,320,240
Cercle_5,104,4,93,129,6_Cercle5.jpg,320,240
Cercle_5,112,60,73,69,7_Cercle5.jpg,320,240
Cercle_5,109,141,77,72,8_Cercle5.jpg,320,240
Cercle_5,123,140,62,60,9_Cercle5.jpg,320,240
Cercle_5,147,138,49,63,10_Cercle5.jpg,320,240
Cercle_5,96,139,52,53,11_Cercle5.jpg,320,240
Cercle_5,162,140,59,58,12_Cercle5.jpg,320,240
Cercle_5,118,136,41,42,13_Cercle5.jpg,320,240
Cercle_5,131,136,46,45,14_Cercle5.jpg,320,240
Cercle_5,61,144,97,92,15_Cercle5.jpg,320,240
Cercle_5,180,144,101,96,16_Cercle5.jpg,320,240
Cercle_5,174,156,72,69,17_Cercle5.jpg,320,240
Cercle_5,124,15,74,73,18_Cercle5.jpg,320,240
Cercle_5,76,34,81,76,19_Cercle5.jpg,320,240
Cercle_5,177,141,79,92,20_Cercle5.jpg,320,240
Cercle_5,154,68,81,71,21_Cercle5.jpg,320,240
Cercle_5,144,69,37,36,22_Cercle5.jpg,320,240
Cercle_5,123,68,51,48,23_Cercle5.jpg,320,240
Cercle_5,160,70,46,52,24_Cercle5.jpg,320,240
Cercle_5,108,70,45,41,25_Cercle5.jpg,320,240
Cercle_5,108,129,44,42,26_Cercle5.jpg,320,240
Cercle_5,82,131,52,50,27_Cercle5.jpg,320,240
Cercle_5,170,130,52,54,28_Cercle5.jpg,320,240
Cercle_5,65,132,68,63,29_Cercle5.jpg,320,240
Cercle_5,177,157,77,72,30_Cercle5.jpg,320,240
Cercle_5,92,16,75,69,31_Cercle5.jpg,320,240
Cercle_5,136,61,35,34,32_Cercle5.jpg,320,240
Cercle_5,131,130,44,49,33_Cercle5.jpg,320,240
Cercle_5,75,130,58,50,34_Cercle5.jpg,320,240
Cercle_5,84,134,53,49,35_Cercle5.jpg,320,240
Cercle_5,104,129,51,47,36_Cercle5.jpg,320,240
Cercle_5,103,130,60,60,37_Cercle5.jpg,320,240
Cercle_5,162,131,52,52,38_Cercle5.jpg,320,240
Cercle_5,107,130,76,73,39_Cercle5.jpg,320,240
Cercle_5,144,130,37,37,40_Cercle5.jpg,320,240
Cercle_5,171,129,48,47,41_Cercle5.jpg,320,240
Cercle_5,60,132,65,68,42_Cercle5.jpg,320,240
Cercle_5,209,163,101,77,43_Cercle5.jpg,320,240
Cercle_5,293,210,83,82,44_Cercle5.jpg,642,483
Cercle_5,60,130,66,70,45_Cercle5.jpg,320,240
Cercle_5,186,128,53,55,46_Cercle5.jpg,320,240
Cercle_5,95,129,43,39,47_Cercle5.jpg,320,240
Cercle_5,23,125,50,54,48_Cercle5.jpg,320,240
Cercle_5,188,128,49,47,49_Cercle5.jpg,320,240
Cercle_5,108,130,79,83,50_Cercle5.jpg,320,240
Cercle_5,132,129,58,61,51_Cercle5.jpg,320,240
Cercle_5,124,126,37,45,52_Cercle5.jpg,320,240
Cercle_5,98,126,44,39,53_Cercle5.jpg,320,240
Cercle_5,118,134,74,90,54_Cercle5.jpg,320,240
Cercle_5,177,156,70,69,55_Cercle5.jpg,320,240
Cercle_5,103,11,67,68,56_Cercle5.jpg,320,240
Cercle_5,72,132,78,79,57_Cercle5.jpg,320,240
Cercle_5,120,70,29,29,58_Cercle5.jpg,320,240
Cercle_5,72,153,86,83,59_Cercle5.jpg,320,240
Cercle_5,173,141,34,36,60_Cercle5.jpg,320,240
Cercle_5,89,154,76,70,61_Cercle5.jpg,320,240
Cercle_5,161,158,86,82,62_Cercle5.jpg,320,240
Cercle_5,93,154,69,69,63_Cercle5.jpg,320,240
Cercle_5,132,160,94,80,64_Cercle5.jpg,320,240
Cercle_5,132,151,47,50,65_Cercle5.jpg,320,240
Cercle_5,90,92,34,51,66_Cercle5.jpg,320,240
Cercle_5,196,153,74,71,67_Cercle5.jpg,320,240
Cercle_5,33,107,62,57,68_Cercle5.jpg,320,240
Cercle_5,193,159,76,72,69_Cercle5.jpg,320,240
Cercle_5,172,92,56,94,70_Cercle5.jpg,320,240
Cercle_5,41,156,79,76,71_Cercle5.jpg,320,240
Cercle_5,90,52,59,58,72_Cercle5.jpg,320,240
Cercle_5,40,154,79,76,73_Cercle5.jpg,320,240
Cercle_5,8,88,54,51,74_Cercle5.jpg,320,240
Cercle_5,190,161,82,79,75_Cercle5.jpg,320,240
Cercle_5,167,145,188,112,76_Cercle5.jpg,635,475
Cercle_5,62,98,49,51,77_Cercle5.jpg,320,240
Cercle_5,153,153,60,53,78_Cercle5.jpg,320,240
Cercle_5,54,134,64,70,79_Cercle5.jpg,320,240
Cercle_5,154,151,57,55,80_Cercle5.jpg,320,240
Cercle_5,37,52,49,51,81_Cercle5.jpg,320,240
Cercle_5,210,99,72,78,82_Cercle5.jpg,320,240
Cercle_5,61,88,48,44,83_Cercle5.jpg,320,240
Cercle_5,205,98,81,79,84_Cercle5.jpg,320,240
Cercle_5,140,94,45,45,85_Cercle5.jpg,320,240
Cercle_5,207,99,77,75,86_Cercle5.jpg,320,240
Cercle_5,81,88,46,47,87_Cercle5.jpg,320,240
Cercle_5,224,160,96,80,88_Cercle5.jpg,320,240
Cercle_5,1234,2908,557,464,89_Cercle5.jpg,3024,4032
Cercle_5,230,168,90,71,90_Cercle5.jpg,320,240
Cercle_5,42,97,52,68,91_Cercle5.jpg,320,240
Cercle_5,221,163,92,77,92_Cercle5.jpg,320,240
Cercle_5,244,115,27,27,93_Cercle5.jpg,320,240
Cercle_5,235,162,85,78,94_Cercle5.jpg,320,240
Cercle_5,270,210,118,120,95_Cercle5.jpg,719,571
Cercle_5,234,163,86,77,96_Cercle5.jpg,320,240
Cercle_5,140,81,53,54,97_Cercle5.jpg,320,240
Cercle_5,189,161,83,79,98_Cercle5.jpg,320,240
Cercle_5,17,91,111,110,99_Cercle5.jpg,320,240
Cercle_5,32,0,191,185,100_Cercle5.jpg,320,240
Cercle_5,44,151,75,71,101_Cercle5.jpg,320,240
Cercle_5,120,144,36,36,102_Cercle5.jpg,320,240
Cercle_5,255,103,65,75,103_Cercle5.jpg,320,240
Cercle_5,121,79,46,46,104_Cercle5.jpg,320,240
Cercle_5,256,103,64,75,105_Cercle5.jpg,320,240
Cercle_5,100,20,57,57,106_Cercle5.jpg,320,240
Cercle_5,235,165,85,75,107_Cercle5.jpg,320,240
Cercle_5,105,31,69,73,108_Cercle5.jpg,320,240
Cercle_5,235,165,85,75,109_Cercle5.jpg,320,240
Cercle_5,75,31,118,109,110_Cercle5.jpg,320,240
Cercle_5,206,158,77,65,111_Cercle5.jpg,320,240
Cercle_5,3,0,99,76,112_Cercle5.jpg,320,240
Cercle_5,208,157,71,67,113_Cercle5.jpg,320,240
Cercle_5,37,10,83,79,114_Cercle5.jpg,320,240
Cercle_5,162,158,80,77,115_Cercle5.jpg,320,240
Cercle_5,132,105,38,43,116_Cercle5.jpg,320,240
Cercle_5,177,161,90,79,117_Cercle5.jpg,320,240
Cercle_5,101,0,95,78,118_Cercle5.jpg,320,240
Cercle_5,138,158,78,79,119_Cercle5.jpg,320,240
Cercle_5,98,17,78,76,120_Cercle5.jpg,320,240
Cercle_5,234,163,86,77,121_Cercle5.jpg,320,240
Cercle_5,149,86,101,104,122_Cercle5.jpg,320,240
Cercle_5,131,66,141,140,123_Cercle5.jpg,320,240
Cercle_5,235,162,85,78,124_Cercle5.jpg,320,240
Cercle_5,122,43,89,83,125_Cercle5.jpg,320,240
Cercle_5,149,157,69,69,126_Cercle5.jpg,320,240
Cercle_5,92,95,39,37,127_Cercle5.jpg,320,240
Cercle_5,148,156,72,71,128_Cercle5.jpg,320,240
Cercle_5,99,27,74,69,129_Cercle5.jpg,320,240
Cercle_5,187,166,91,74,130_Cercle5.jpg,320,240
Cercle_5,55,154,46,44,131_Cercle5.jpg,320,240
Cercle_5,184,165,94,75,132_Cercle5.jpg,320,240
Cercle_5,85,20,77,74,133_Cercle5.jpg,320,240
Cercle_5,204,166,90,74,134_Cercle5.jpg,320,240
Cercle_5,145,20,80,75,135_Cercle5.jpg,320,240
Cercle_5,204,165,90,73,136_Cercle5.jpg,320,240
Cercle_5,166,17,79,75,137_Cercle5.jpg,320,240
Cercle_5,181,162,87,76,138_Cercle5.jpg,320,240
Cercle_5,105,124,64,62,139_Cercle5.jpg,320,240
Cercle_5,179,160,91,79,140_Cercle5.jpg,320,240
Cercle_5,91,35,118,113,141_Cercle5.jpg,320,240
Cercle_5,221,141,41,39,142_Cercle5.jpg,320,240
Cercle_5,94,93,43,48,143_Cercle5.jpg,320,240
Cercle_5,232,163,88,77,144_Cercle5.jpg,320,240
Cercle_5,177,85,104,106,145_Cercle5.jpg,320,240
Cercle_5,64,90,1,5,146_Cercle5.jpg,320,240
Cercle_5,67,87,174,153,146_Cercle5.jpg,320,240
Cercle_5,201,134,67,74,147_Cercle5.jpg,320,240
Cercle_5,81,71,48,48,148_Cercle5.jpg,320,240
Cercle_5,22,121,38,36,149_Cercle5.jpg,320,240
Cercle_5,141,21,80,72,150_Cercle5.jpg,320,240
Cercle_5,63,127,25,24,151_Cercle5.jpg,320,240
Cercle_5,119,13,78,77,152_Cercle5.jpg,320,240
Cercle_5,177,105,25,26,153_Cercle5.jpg,320,240
Cercle_5,123,24,66,68,154_Cercle5.jpg,320,240
Cercle_5,139,93,48,51,155_Cercle5.jpg,320,240
Cercle_5,126,67,107,116,156_Cercle5.jpg,320,240
Cercle_5,174,128,40,37,157_Cercle5.jpg,320,240
Cercle_5,1726,843,611,650,158_Cercle5.jpg,4032,3024
Cercle_5,1115,1934,691,614,159_Cercle5.jpg,3024,4032
Cercle_5,95,57,116,126,160_Cercle5.jpg,320,240
Cercle_5,205,160,81,78,161_Cercle5.jpg,320,240
Cercle_5,44,19,60,57,162_Cercle5.jpg,320,240
Cercle_5,87,79,101,96,163_Cercle5.jpg,320,240
Cercle_5,65,62,31,25,164_Cercle5.jpg,320,240
Cercle_5,5,92,82,88,165_Cercle5.jpg,320,240
Cercle_5,162,75,26,22,166_Cercle5.jpg,320,240
Cercle_5,50,85,109,109,167_Cercle5.jpg,320,240
Cercle_5,26,71,28,25,168_Cercle5.jpg,320,240
Cercle_5,6,55,52,50,169_Cercle5.jpg,320,240
Cercle_5,16,67,31,26,170_Cercle5.jpg,320,240
Cercle_5,54,153,46,47,171_Cercle5.jpg,320,240
Cercle_5,47,85,113,107,172_Cercle5.jpg,320,240
Cercle_5,125,85,42,32,173_Cercle5.jpg,320,240
Cercle_5,216,159,88,81,174_Cercle5.jpg,320,240
Cercle_5,24,52,66,66,175_Cercle5.jpg,320,240
Cercle_5,135,84,105,97,176_Cercle5.jpg,320,240
Cercle_5,127,85,41,34,177_Cercle5.jpg,320,240
Cercle_5,127,86,40,32,178_Cercle5.jpg,320,240
Cercle_5,63,64,30,26,179_Cercle5.jpg,320,240
Cercle_5,28,55,50,47,180_Cercle5.jpg,320,240
Cercle_5,15,66,33,29,181_Cercle5.jpg,320,240
Cercle_5,14,125,60,56,182_Cercle5.jpg,320,240
Cercle_5,187,86,118,111,183_Cercle5.jpg,320,240
Cercle_5,29,126,59,55,184_Cercle5.jpg,320,240
Cercle_5,32,125,57,56,185_Cercle5.jpg,320,240
Cercle_5,16,126,57,57,186_Cercle5.jpg,320,240
Cercle_5,59,152,71,67,187_Cercle5.jpg,320,240
Cercle_5,36,18,59,60,188_Cercle5.jpg,320,240
Cercle_5,116,12,114,106,189_Cercle5.jpg,320,240
Cercle_5,26,37,58,56,190_Cercle5.jpg,320,240
Cercle_5,81,23,59,54,191_Cercle5.jpg,320,240
Cercle_5,8,54,51,50,192_Cercle5.jpg,320,240
Cercle_5,36,56,51,49,193_Cercle5.jpg,320,240
Cercle_5,160,140,43,40,194_Cercle5.jpg,320,240
Cercle_5,82,112,44,47,195_Cercle5.jpg,320,240
Cercle_5,119,100,36,33,196_Cercle5.jpg,320,240
Cercle_5,41,88,72,71,197_Cercle5.jpg,320,240
Cercle_5,70,121,59,56,198_Cercle5.jpg,320,240
Cercle_5,122,65,45,42,199_Cercle5.jpg,320,240
Cercle_5,60,151,68,68,200_Cercle5.jpg,320,240
Cercle_5,15,49,70,65,201_Cercle5.jpg,320,240
Cercle_5,131,43,51,53,202_Cercle5.jpg,320,240
Cercle_5,92,63,43,48,203_Cercle5.jpg,320,240
Cercle_5,125,60,91,96,204_Cercle5.jpg,320,240
Cercle_5,150,62,69,75,205_Cercle5.jpg,320,240
Cercle_5,152,64,36,44,206_Cercle5.jpg,320,240
Cercle_5,123,62,66,64,207_Cercle5.jpg,320,240
Cercle_5,163,63,53,59,208_Cercle5.jpg,320,240
Cercle_5,155,61,85,87,209_Cercle5.jpg,320,240
Cercle_5,129,63,42,41,210_Cercle5.jpg,320,240
Cercle_5,154,61,55,54,211_Cercle5.jpg,320,240
Cercle_5,191,62,39,52,212_Cercle5.jpg,320,240
