Diamand_4,139,39,87,73,1_Diamant4.jpg,320,240
Diamand_4,1453,2036,617,582,2_Diamant4.jpg,3024,4032
Diamand_4,175,47,73,73,3_Diamant4.jpg,320,240
Diamand_4,57,149,37,37,4_Diamant4.jpg,320,240
Diamand_4,84,32,145,141,5_Diamant4.jpg,320,240
Diamand_4,48,68,136,136,6_Diamant4.jpg,320,240
Diamand_4,151,60,58,56,7_Diamant4.jpg,320,240
Diamand_4,125,53,72,74,8_Diamant4.jpg,320,240
Diamand_4,153,104,42,41,9_Diamant4.jpg,320,240
Diamand_4,137,27,52,54,10_Diamant4.jpg,320,240
Diamand_4,132,21,56,57,11_Diamant4.jpg,320,240
Diamand_4,161,39,93,88,12_Diamant4.jpg,320,240
Diamand_4,117,42,53,54,13_Diamant4.jpg,320,240
Diamand_4,49,131,83,80,14_Diamant4.jpg,320,240
Diamand_4,38,82,85,80,15_Diamant4.jpg,320,240
Diamand_4,157,99,45,43,16_Diamant4.jpg,320,240
Diamand_4,152,27,102,86,17_Diamant4.jpg,320,240
Diamand_4,146,83,49,47,18_Diamant4.jpg,320,240
Diamand_4,122,68,122,126,19_Diamant4.jpg,320,240
Diamand_4,137,108,53,53,20_Diamant4.jpg,320,240
Diamand_4,74,110,43,46,21_Diamant4.jpg,320,240
Diamand_4,177,108,44,44,22_Diamant4.jpg,320,240
Diamand_4,66,106,93,88,23_Diamant4.jpg,320,240
Diamand_4,11,108,98,90,24_Diamant4.jpg,320,240
Diamand_4,218,106,92,83,25_Diamant4.jpg,320,240
Diamand_4,170,103,33,34,26_Diamant4.jpg,320,240
Diamand_4,166,110,33,41,27_Diamant4.jpg,320,240
Diamand_4,116,105,39,38,28_Diamant4.jpg,320,240
Diamand_4,29,108,45,44,29_Diamant4.jpg,320,240
Diamand_4,174,117,78,70,30_Diamant4.jpg,320,240
Diamand_4,205,125,168,162,31_Diamant4.jpg,640,480
Diamand_4,93,72,130,128,32_Diamant4.jpg,320,240
Diamand_4,170,105,28,36,33_Diamant4.jpg,320,240
Diamand_4,136,105,24,24,34_Diamant4.jpg,320,240
Diamand_4,156,105,33,33,35_Diamant4.jpg,320,240
Diamand_4,147,109,28,30,36_Diamant4.jpg,320,240
Diamand_4,120,107,38,44,37_Diamant4.jpg,320,240
Diamand_4,76,107,43,41,38_Diamant4.jpg,320,240
Diamand_4,42,111,100,95,39_Diamant4.jpg,320,240
Diamand_4,119,107,44,45,40_Diamant4.jpg,320,240
Diamand_4,119,110,39,39,41_Diamant4.jpg,320,240
Diamand_4,96,102,31,39,42_Diamant4.jpg,320,240
Diamand_4,174,117,68,62,43_Diamant4.jpg,320,240
Diamand_4,168,94,48,48,44_Diamant4.jpg,320,240
Diamand_4,148,76,114,108,45_Diamant4.jpg,320,240
Diamand_4,135,102,41,45,46_Diamant4.jpg,320,240
Diamand_4,98,104,48,46,47_Diamant4.jpg,320,240
Diamand_4,27,104,61,63,48_Diamant4.jpg,320,240
Diamand_4,119,103,49,48,49_Diamant4.jpg,320,240
Diamand_4,163,104,47,49,50_Diamant4.jpg,320,240
Diamand_4,147,105,57,57,51_Diamant4.jpg,320,240
Diamand_4,27,105,69,88,52_Diamant4.jpg,320,240
Diamand_4,127,104,46,45,53_Diamant4.jpg,320,240
Diamand_4,163,103,38,45,54_Diamant4.jpg,320,240
Diamand_4,41,108,51,53,55_Diamant4.jpg,320,240
Diamand_4,207,135,74,70,56_Diamant4.jpg,320,240
Diamand_4,149,3,108,110,57_Diamant4.jpg,320,240
Diamand_4,200,61,102,92,58_Diamant4.jpg,320,240
Diamand_4,125,103,49,47,59_Diamant4.jpg,320,240
Diamand_4,140,105,29,28,60_Diamant4.jpg,320,240
Diamand_4,126,104,29,30,61_Diamant4.jpg,320,240
Diamand_4,116,105,33,36,62_Diamant4.jpg,320,240
Diamand_4,138,106,38,38,63_Diamant4.jpg,320,240
Diamand_4,56,107,46,46,64_Diamant4.jpg,320,240
Diamand_4,130,107,54,52,65_Diamant4.jpg,320,240
Diamand_4,130,106,55,54,66_Diamant4.jpg,320,240
Diamand_4,144,101,48,53,67_Diamant4.jpg,320,240
Diamand_4,34,103,54,56,68_Diamant4.jpg,320,240
Diamand_4,159,31,93,83,69_Diamant4.jpg,320,240
Diamand_4,218,127,38,57,70_Diamant4.jpg,320,240
Diamand_4,138,64,97,96,71_Diamant4.jpg,320,240
Diamand_4,138,106,63,60,72_Diamant4.jpg,320,240
Diamand_4,181,105,58,62,73_Diamant4.jpg,320,240
Diamand_4,188,104,52,50,74_Diamant4.jpg,320,240
Diamand_4,88,107,38,36,75_Diamant4.jpg,320,240
Diamand_4,113,103,36,36,76_Diamant4.jpg,320,240
Diamand_4,53,104,44,44,77_Diamant4.jpg,320,240
Diamand_4,84,104,36,36,78_Diamant4.jpg,320,240
Diamand_4,69,50,44,47,79_Diamant4.jpg,320,240
Diamand_4,85,48,31,35,80_Diamant4.jpg,320,240
Diamand_4,86,54,34,34,81_Diamant4.jpg,320,240
Diamand_4,174,40,91,78,82_Diamant4.jpg,320,240
Diamand_4,150,87,55,58,83_Diamant4.jpg,320,240
Diamand_4,120,77,132,134,84_Diamant4.jpg,320,240
Diamand_4,113,53,38,38,85_Diamant4.jpg,320,240
Diamand_4,137,54,39,47,86_Diamant4.jpg,320,240
Diamand_4,47,53,70,72,87_Diamant4.jpg,320,240
Diamand_4,140,51,66,66,88_Diamant4.jpg,320,240
Diamand_4,131,50,47,64,89_Diamant4.jpg,320,240
Diamand_4,131,50,46,65,90_Diamant4.jpg,320,240
Diamand_4,121,86,44,38,91_Diamant4.jpg,320,240
Diamand_4,115,140,66,67,92_Diamant4.jpg,320,240
Diamand_4,163,117,107,98,93_Diamant4.jpg,320,240
Diamand_4,147,82,23,21,94_Diamant4.jpg,320,240
Diamand_4,174,40,93,77,95_Diamant4.jpg,320,240
Diamand_4,245,123,46,47,96_Diamant4.jpg,320,240
Diamand_4,69,36,38,38,97_Diamant4.jpg,320,240
Diamand_4,127,142,65,62,98_Diamant4.jpg,320,240
Diamand_4,113,102,84,111,99_Diamant4.jpg,320,240
Diamand_4,124,121,31,30,100_Diamant4.jpg,320,240
Diamand_4,123,141,71,72,101_Diamant4.jpg,320,240
Diamand_4,135,161,66,67,102_Diamant4.jpg,320,240
Diamand_4,62,141,79,80,103_Diamant4.jpg,320,240
Diamand_4,124,140,66,65,104_Diamant4.jpg,320,240
Diamand_4,149,140,67,67,105_Diamant4.jpg,320,240
Diamand_4,130,141,63,67,106_Diamant4.jpg,320,240
Diamand_4,130,142,73,73,107_Diamant4.jpg,320,240
Diamand_4,150,25,100,84,108_Diamant4.jpg,320,240
Diamand_4,190,119,63,65,109_Diamant4.jpg,320,240
Diamand_4,57,31,80,77,110_Diamant4.jpg,320,240
Diamand_4,109,141,68,68,111_Diamant4.jpg,320,240
Diamand_4,124,141,62,62,112_Diamant4.jpg,320,240
Diamand_4,104,140,69,63,113_Diamant4.jpg,320,240
Diamand_4,182,30,99,81,114_Diamant4.jpg,320,240
Diamand_4,136,119,74,76,115_Diamant4.jpg,320,240
Diamand_4,109,36,36,36,116_Diamant4.jpg,320,240
Diamand_4,103,157,49,52,117_Diamant4.jpg,320,240
Diamand_4,163,137,61,65,118_Diamant4.jpg,320,240
Diamand_4,194,117,45,52,119_Diamant4.jpg,320,240
Diamand_4,192,50,81,71,120_Diamant4.jpg,320,240
Diamand_4,133,52,61,59,121_Diamant4.jpg,320,240
Diamand_4,196,24,86,84,122_Diamant4.jpg,320,240
Diamand_4,147,20,100,90,123_Diamant4.jpg,320,240
Diamand_4,200,97,70,70,124_Diamant4.jpg,802,604
Diamand_4,78,36,35,35,125_Diamant4.jpg,320,240
Diamand_4,166,35,94,83,126_Diamant4.jpg,320,240
Diamand_4,44,131,48,49,127_Diamant4.jpg,320,240
Diamand_4,95,32,66,66,128_Diamant4.jpg,320,240
Diamand_4,168,36,93,78,129_Diamant4.jpg,320,240
Diamand_4,219,120,50,51,130_Diamant4.jpg,320,240
Diamand_4,198,21,80,84,131_Diamant4.jpg,320,240
Diamand_4,161,27,107,89,132_Diamant4.jpg,320,240
Diamand_4,86,69,47,45,133_Diamant4.jpg,320,240
Diamand_4,93,27,77,78,134_Diamant4.jpg,320,240
Diamand_4,127,26,97,88,135_Diamant4.jpg,320,240
Diamand_4,235,99,48,53,136_Diamant4.jpg,320,240
Diamand_4,138,22,77,80,137_Diamant4.jpg,320,240
Diamand_4,94,27,97,86,138_Diamant4.jpg,320,240
Diamand_4,163,88,32,33,139_Diamant4.jpg,320,240
Diamand_4,152,14,85,88,140_Diamant4.jpg,320,240
Diamand_4,133,12,120,108,141_Diamant4.jpg,320,240
Diamand_4,148,130,43,61,142_Diamant4.jpg,320,240
Diamand_4,136,23,88,87,143_Diamant4.jpg,320,240
Diamand_4,134,14,111,95,144_Diamant4.jpg,320,240
Diamand_4,78,75,59,52,145_Diamant4.jpg,320,240
Diamand_4,85,22,80,83,146_Diamant4.jpg,320,240
Diamand_4,149,41,85,72,147_Diamant4.jpg,320,240
Diamand_4,6,115,40,38,148_Diamant4.jpg,320,240
Diamand_4,177,29,72,68,149_Diamant4.jpg,320,240
Diamand_4,103,156,50,54,150_Diamant4.jpg,320,240
Diamand_4,170,41,67,63,151_Diamant4.jpg,320,240
Diamand_4,176,139,66,69,152_Diamant4.jpg,320,240
Diamand_4,149,39,88,79,153_Diamant4.jpg,320,240
Diamand_4,248,130,69,65,154_Diamant4.jpg,320,240
Diamand_4,15,105,96,82,155_Diamant4.jpg,320,240
Diamand_4,134,34,96,88,156_Diamant4.jpg,320,240
Diamand_4,118,107,100,97,157_Diamant4.jpg,320,240
Diamand_4,187,152,80,86,158_Diamant4.jpg,320,240
Diamand_4,11,102,116,112,159_Diamant4.jpg,320,240
Diamand_4,161,51,81,66,160_Diamant4.jpg,320,240
Diamand_4,107,102,65,70,161_Diamant4.jpg,320,240
Diamand_4,141,49,80,66,162_Diamant4.jpg,320,240
Diamand_4,141,134,88,89,163_Diamant4.jpg,320,240
Diamand_4,117,28,92,89,164_Diamant4.jpg,320,240
Diamand_4,169,22,123,107,165_Diamant4.jpg,320,240
Diamand_4,189,98,38,31,166_Diamant4.jpg,320,240
Diamand_4,182,118,68,82,167_Diamant4.jpg,320,240
Diamand_4,153,89,25,32,168_Diamant4.jpg,320,240
Diamand_4,213,109,44,46,169_Diamant4.jpg,320,240
Diamand_4,100,103,39,36,170_Diamant4.jpg,320,240
Diamand_4,126,130,31,35,171_Diamant4.jpg,320,240
Diamand_4,172,109,63,56,172_Diamant4.jpg,320,240
Diamand_4,113,45,80,88,173_Diamant4.jpg,320,240
Diamand_4,112,116,67,62,174_Diamant4.jpg,320,240
Diamand_4,178,89,69,63,175_Diamant4.jpg,320,240
Diamand_4,102,60,81,82,176_Diamant4.jpg,320,240
Diamand_4,36,139,71,65,177_Diamant4.jpg,320,240
Diamand_4,78,124,82,85,178_Diamant4.jpg,320,240
Diamand_4,154,97,37,40,179_Diamant4.jpg,320,240
Diamand_4,179,118,63,62,180_Diamant4.jpg,320,240
Diamand_4,249,66,58,58,181_Diamant4.jpg,320,240
Diamand_4,193,106,45,48,182_Diamant4.jpg,320,240
Diamand_4,1831,1017,787,907,183_Diamant4.jpg,4032,3024
Diamand_4,217,110,36,34,184_Diamant4.jpg,320,240
Diamand_4,191,100,35,38,185_Diamant4.jpg,320,240
Diamand_4,99,93,44,43,186_Diamant4.jpg,320,240
Diamand_4,71,122,40,41,187_Diamant4.jpg,320,240
Diamand_4,112,109,67,67,188_Diamant4.jpg,320,240
Diamand_4,144,35,86,88,189_Diamant4.jpg,320,240
Diamand_4,4,75,126,118,190_Diamant4.jpg,320,240
Diamand_4,67,133,90,85,191_Diamant4.jpg,320,240
Diamand_4,133,121,41,47,192_Diamant4.jpg,320,240
Diamand_4,172,76,105,98,193_Diamant4.jpg,320,240
Diamand_4,240,112,75,75,194_Diamant4.jpg,320,240
Diamand_4,90,134,71,71,195_Diamant4.jpg,320,240
Diamand_4,132,103,69,65,196_Diamant4.jpg,320,240
Diamand_4,68,119,37,36,197_Diamant4.jpg,320,240
Diamand_4,161,134,43,47,198_Diamant4.jpg,320,240
Diamand_4,179,93,70,74,199_Diamant4.jpg,320,240
Diamand_4,178,119,40,42,200_Diamant4.jpg,320,240
Diamand_4,184,121,64,59,201_Diamant4.jpg,320,240
Diamand_4,133,167,77,73,202_Diamant4.jpg,320,240
Diamand_4,139,70,143,139,203_Diamant4.jpg,320,240
Diamand_4,147,5,173,166,204_Diamant4.jpg,320,240
Diamand_4,128,131,30,37,205_Diamant4.jpg,320,240
Diamand_4,77,60,107,108,206_Diamant4.jpg,320,240
Diamand_4,142,92,76,76,207_Diamant4.jpg,320,240
Diamand_4,109,111,102,103,208_Diamant4.jpg,320,240
Diamand_4,209,122,36,39,209_Diamant4.jpg,320,240
Diamand_4,124,124,64,64,210_Diamant4.jpg,320,240
Diamand_4,51,77,72,70,211_Diamant4.jpg,320,240
Diamand_4,239,88,37,40,212_Diamant4.jpg,320,240
Diamand_4,114,12,71,77,213_Diamant4.jpg,320,240
Diamand_4,165,138,67,71,214_Diamant4.jpg,320,240
Diamand_4,166,40,71,74,215_Diamant4.jpg,320,240
Diamand_4,85,61,124,130,216_Diamant4.jpg,320,240
Diamand_4,187,101,42,39,217_Diamant4.jpg,320,240
Diamand_4,69,119,36,39,218_Diamant4.jpg,320,240
Diamand_4,216,109,40,44,219_Diamant4.jpg,320,240
Diamand_4,127,96,67,68,220_Diamant4.jpg,320,240
Diamand_4,24,93,43,43,221_Diamant4.jpg,320,240
Diamand_4,195,75,106,109,222_Diamant4.jpg,320,240
Diamand_4,221,107,39,46,223_Diamant4.jpg,320,240
Diamand_4,218,110,37,39,224_Diamant4.jpg,320,240
Diamand_4,172,65,62,68,225_Diamant4.jpg,320,240
Diamand_4,68,117,35,40,226_Diamant4.jpg,320,240
Diamand_4,0,117,66,73,227_Diamant4.jpg,320,240
Diamand_4,169,68,79,73,228_Diamant4.jpg,320,240
Diamand_4,22,70,123,118,229_Diamant4.jpg,320,240
Diamand_4,166,95,79,88,230_Diamant4.jpg,320,240
Diamand_4,210,117,98,98,231_Diamant4.jpg,320,240
Diamand_4,133,156,164,161,232_Diamant4.jpg,640,480
Diamand_4,40,115,80,76,233_Diamant4.jpg,320,240
Diamand_4,107,100,38,46,234_Diamant4.jpg,320,240
Diamand_4,65,119,40,44,235_Diamant4.jpg,320,240
Diamand_4,0,76,98,134,236_Diamant4.jpg,320,240
Diamand_4,118,96,31,37,237_Diamant4.jpg,320,240
Diamand_4,150,132,80,69,238_Diamant4.jpg,320,240
Diamand_4,70,118,36,41,239_Diamant4.jpg,320,240
Diamand_4,55,108,78,81,240_Diamant4.jpg,320,240
Diamand_4,182,61,128,107,241_Diamant4.jpg,320,240
Diamand_4,202,91,42,44,243_Diamant4.jpg,320,240
Diamand_4,247,98,44,48,244_Diamant4.jpg,320,240
Diamand_4,31,112,40,37,245_Diamant4.jpg,320,240
Diamand_4,54,22,170,160,246_Diamant4.jpg,320,240
Diamand_4,165,115,84,95,247_Diamant4.jpg,320,240
Diamand_4,1166,2117,692,662,248_Diamant4.jpg,3024,4032
Diamand_4,194,105,55,58,249_Diamant4.jpg,320,240
Diamand_4,40,75,102,101,250_Diamant4.jpg,320,240
Diamand_4,205,84,80,73,251_Diamant4.jpg,320,240
Diamand_4,142,87,80,77,252_Diamant4.jpg,320,240